config,day,n_trades,pnl_total,ev_per_trade,n_sniper_submitted,n_sniper_triggered,n_sniper_cancelled,n_sniper_expired,n_soft_stops,n_inversions,n_signals_emitted,n_fills,n_alignment_skipped,n_entry_aligned,n_entry_opposed,n_entry_unknown,n_structure_invalidations,error
SNIPER_BASE,2024-01-02,2,1.2500000000004547,0.6250000000002274,11,2,4,5,1,2,11,2,0,0,2,0,0,
SNIPER_BASE,2024-01-22,0,0.0,0.0,14,0,10,4,0,0,14,0,0,0,0,0,0,
SNIPER_BASE,2024-01-23,0,0.0,0.0,8,0,3,5,0,0,8,0,0,0,0,0,0,
SNIPER_BASE,2024-01-24,2,-0.6070000000001983,-0.30350000000009913,17,2,9,6,2,2,17,2,0,0,2,0,0,
SNIPER_BASE,2024-02-05,1,6.180000000000064,6.180000000000064,24,1,12,11,0,1,24,1,0,0,1,0,0,
SNIPER_BASE,2024-02-06,5,5.680000000003248,1.1360000000006496,10,5,4,1,4,5,10,5,0,0,5,0,0,
SNIPER_BASE,2024-02-14,3,-0.459999999999809,-0.15333333333326968,11,3,4,4,3,3,11,3,0,0,3,0,0,
SNIPER_BASE,2024-02-20,2,-0.6769999999999072,-0.3384999999999536,13,2,8,3,2,2,13,2,0,0,2,0,0,
SNIPER_BASE,2024-03-05,5,7.166000000000622,1.4332000000001244,18,5,4,9,4,5,18,5,0,0,5,0,0,
SNIPER_BASE,2024-03-08,4,-2.2100000000000364,-0.5525000000000091,23,4,11,7,4,4,23,4,0,0,4,0,0,
SNIPER_BASE,2024-04-04,3,7.880000000000109,2.626666666666703,11,3,1,7,1,3,11,3,0,0,3,0,0,
SNIPER_BASE,2024-04-26,4,-2.0299999999997453,-0.5074999999999363,19,4,9,6,4,4,19,4,0,0,4,0,0,
SNIPER_BASE,2024-04-29,6,10.6970000000033,1.7828333333338833,18,6,6,6,4,6,18,6,0,0,6,0,0,
SNIPER_BASE,2024-05-02,6,2.593000000000302,0.432166666666717,29,6,11,12,4,6,29,6,0,0,6,0,0,
SNIPER_BASE,2024-05-06,5,-2.687000000000353,-0.5374000000000706,21,5,6,10,5,5,21,5,0,0,5,0,0,
SNIPER_BASE,2024-05-09,3,7.165999999997894,2.3886666666659644,31,3,18,10,2,3,31,3,0,0,3,0,0,
SNIPER_BASE,2024-05-15,6,4.84900000000016,0.8081666666666933,16,6,4,6,5,6,16,6,0,0,6,0,0,
SNIPER_BASE,2024-05-22,5,25.769999999990887,5.153999999998177,27,5,12,9,3,5,27,5,0,0,5,0,0,
SNIPER_BASE,2024-05-31,10,21.7070000000067,2.17070000000067,21,10,4,7,7,10,21,10,0,0,10,0,0,
SNIPER_BASE,2024-06-05,11,37.749999999999545,3.4318181818181404,16,11,3,2,7,11,16,11,0,0,11,0,0,
SNIPER_BASE,2024-06-07,8,9.007000000008702,1.1258750000010878,42,8,16,17,6,8,42,8,0,0,8,0,0,
SNIPER_BASE,2024-06-12,4,12.090000000001055,3.0225000000002638,26,4,12,9,3,4,26,4,0,0,4,0,0,
SNIPER_BASE,2024-06-13,6,-2.244000000000142,-0.37400000000002365,18,6,8,3,5,6,18,6,0,0,6,0,0,
SNIPER_BASE,2024-06-14,2,10.386999999999716,5.193499999999858,25,2,12,11,1,2,25,2,0,0,2,0,0,
SNIPER_BASE,2024-06-19,0,0.0,0.0,5,0,3,2,0,0,5,0,0,0,0,0,0,
SNIPER_BASE,2024-07-04,2,-0.8499999999994543,-0.42499999999972715,11,2,5,3,2,2,11,2,0,0,2,0,0,
SNIPER_BASE,2024-07-08,4,12.265999999996438,3.0664999999991096,30,4,12,13,3,4,30,4,0,0,4,0,0,
SNIPER_BASE,2024-07-12,9,9.9050000000002,1.1005555555555777,24,9,7,8,6,9,24,9,0,0,9,0,0,
SNIPER_BASE,2024-07-17,8,-1.0509999999994761,-0.13137499999993452,20,8,4,8,6,8,20,8,0,0,8,0,0,
SNIPER_BASE,2024-07-22,2,-0.819999999999709,-0.4099999999998545,20,2,9,8,2,2,20,2,0,0,2,0,0,
SNIPER_BASE,2024-07-30,2,-0.6700000000000728,-0.3350000000000364,19,2,8,9,2,2,19,2,0,0,2,0,0,
SNIPER_BASE,2024-08-01,4,-1.7630000000003747,-0.4407500000000937,17,4,6,7,3,4,17,4,0,0,4,0,0,
SNIPER_BASE,2024-08-05,14,12.232999999992899,0.873785714285207,43,14,14,14,12,14,43,14,0,0,14,0,0,
SNIPER_BASE,2024-08-21,7,-3.443000000000211,-0.491857142857173,15,7,3,5,7,7,15,7,0,0,7,0,0,
SNIPER_BASE,2024-08-28,3,-1.0729999999998654,-0.3576666666666218,20,3,9,7,3,3,20,3,0,0,3,0,0,
SNIPER_BASE,2024-09-24,4,-2.4430000000006658,-0.6107500000001664,23,4,8,10,4,4,23,4,0,0,4,0,0,
SNIPER_BASE,2024-09-30,4,1.383999999999105,0.34599999999977626,34,4,14,16,3,4,34,4,0,0,4,0,0,
SNIPER_BASE,2024-10-01,5,23.490999999992255,4.698199999998451,24,5,10,9,3,5,24,5,0,0,5,0,0,
SNIPER_BASE,2024-10-04,6,8.629000000002634,1.4381666666671056,20,6,6,7,5,6,20,6,0,0,6,0,0,
SNIPER_BASE,2024-10-10,3,0.03999999999996362,0.013333333333321207,14,3,5,5,3,3,14,3,0,0,3,0,0,
SNIPER_BASE,2024-10-15,8,13.754000000013093,1.7192500000016366,22,8,6,7,5,8,22,8,0,0,8,0,0,
SNIPER_BASE,2024-10-18,9,-3.8400000000001455,-0.42666666666668285,25,9,11,5,9,9,25,9,0,0,9,0,0,
SNIPER_BASE,2024-10-22,4,11.067000000004555,2.7667500000011387,22,4,13,4,3,4,22,4,0,0,4,0,0,
SNIPER_BASE,2024-11-13,6,-1.5569999999993342,-0.25949999999988904,18,6,4,7,6,6,18,6,0,0,6,0,0,
SNIPER_BASE,2024-11-28,7,20.379000000003998,2.9112857142862856,29,7,15,6,4,7,29,7,0,0,7,0,0,
SNIPER_BASE,2024-12-02,4,-1.5399999999999636,-0.3849999999999909,26,4,13,9,4,4,26,4,0,0,4,0,0,
SNIPER_BASE,2025-01-03,5,5.410000000003947,1.0820000000007894,22,5,10,7,4,5,22,5,0,0,5,0,0,
SNIPER_BASE,2025-01-08,5,5.629000000001725,1.125800000000345,12,5,3,4,4,5,12,5,0,0,5,0,0,
SNIPER_BASE,2025-01-15,10,33.94340765578151,3.3943407655781512,20,7,3,10,4,7,21,10,3,3,7,0,0,
SNIPER_BASE,2025-01-22,5,2.41399999999976,0.482799999999952,17,5,6,6,4,5,17,5,0,0,5,0,0,
SNIPER_BASE,2025-01-29,4,3.0200000000004366,0.7550000000001091,18,4,10,4,3,4,18,4,0,0,4,0,0,
SNIPER_BASE,2025-01-31,4,8.29300000000103,2.0732500000002574,20,4,11,4,3,4,20,4,0,0,4,0,0,
SNIPER_BASE,2025-02-21,2,-0.8700000000003456,-0.4350000000001728,15,2,6,6,2,2,15,2,0,0,2,0,0,
SNIPER_BASE,2025-03-11,5,7.497000000000753,1.4994000000001506,17,5,6,6,4,5,17,5,0,0,5,0,0,
SNIPER_BASE,2025-03-19,5,1.1330000000007203,0.22660000000014408,19,5,9,4,4,5,19,5,0,0,5,0,0,
SNIPER_BASE,2025-03-26,1,-0.18999999999959982,-0.18999999999959982,18,1,10,6,1,1,18,1,0,0,1,0,0,
SNIPER_BASE,2025-03-31,7,-3.604000000000269,-0.5148571428571813,23,7,10,5,6,7,23,7,0,0,7,0,0,
SNIPER_BASE,2025-04-10,14,47.06200000000945,3.3615714285721032,32,14,7,11,11,14,32,14,0,0,14,0,0,
SNIPER_BASE,2025-05-09,9,-4.759999999998854,-0.5288888888887615,28,9,7,12,9,9,28,9,0,0,9,0,0,
SNIPER_BASE,2025-05-13,13,39.50999999999339,3.0392307692302607,21,13,2,5,10,13,21,13,0,0,13,0,0,
SNIPER_BASE,2025-05-30,11,37.13300000000663,3.3757272727278758,22,11,4,7,8,11,22,11,0,0,11,0,0,
SNIPER_BASE,2025-06-18,10,38.35300000000052,3.835300000000052,20,10,5,4,8,10,20,10,0,0,10,0,0,
SNIPER_BASE,2025-06-30,7,-5.083000000000084,-0.7261428571428691,29,7,8,14,7,7,29,7,0,0,7,0,0,
SNIPER_BASE,2025-07-08,11,4.396000000002459,0.3996363636365872,26,11,7,7,9,11,26,11,0,0,11,0,0,
SNIPER_BASE,2025-07-11,4,-1.6860000000001492,-0.4215000000000373,22,4,8,8,4,4,22,4,0,0,4,0,0,
SNIPER_BASE,2025-07-31,8,-3.87099999999964,-0.483874999999955,22,8,9,5,8,8,22,8,0,0,8,0,0,
SNIPER_BASE,2025-08-11,9,30.245999999996457,3.360666666666273,24,9,8,7,7,9,24,9,0,0,9,0,0,
SNIPER_BASE,2025-09-22,7,-3.2099999999995816,-0.4585714285713688,30,7,8,14,7,7,30,7,0,0,7,0,0,
SNIPER_BASE,2025-10-16,25,109.44499999999152,4.377799999999661,41,25,4,10,20,25,41,25,0,0,25,0,0,
SNIPER_BASE,2025-10-20,14,60.310999999999694,4.307928571428549,36,14,10,12,10,14,36,14,0,0,14,0,0,
SNIPER_BASE,2025-10-28,18,55.719999999999345,3.095555555555519,35,18,10,6,15,18,35,18,0,0,18,0,0,
SNIPER_BASE,2025-11-06,9,15.200000000000728,1.6888888888889697,24,9,7,8,7,9,24,9,0,0,9,0,0,
SNIPER_BASE,2025-11-11,6,1.8299999999981083,0.3049999999996847,27,6,9,11,5,6,27,6,0,0,6,0,0,
SNIPER_BASE,2025-11-13,13,27.612999999994827,2.124076923076525,26,13,7,5,11,13,26,13,0,0,13,0,0,
SNIPER_BASE,2025-12-26,12,-9.830000000004475,-0.8191666666670395,25,12,7,6,12,12,25,12,0,0,12,0,0,
SNIPER_BASE,2026-01-07,8,27.17699999999786,3.3971249999997326,24,8,9,7,7,8,24,8,0,0,8,0,0,
SNIPER_BASE,2026-01-08,13,52.66699999998491,4.051307692306532,27,13,4,10,11,13,27,13,0,0,13,0,0,
SNIPER_BASE,2026-01-16,9,-7.4430000000047585,-0.8270000000005288,14,9,0,3,9,9,14,9,0,0,9,0,0,
SNIPER_BASE,2026-01-22,24,51.32600000000639,2.1385833333335995,47,24,6,16,21,24,47,24,0,0,24,0,0,
SNIPER_BASE,2026-01-26,10,19.01000000000749,1.901000000000749,15,10,1,4,7,10,15,10,0,0,10,0,0,
SNIPER_BASE,2026-02-02,24,426.2810000000063,17.761708333333598,35,24,2,7,19,24,35,24,0,0,24,0,0,
SNIPER_BASE,2026-02-18,11,93.28699999997662,8.480636363634238,36,11,7,15,8,11,36,11,0,0,11,0,0,
SNIPER_BASE,2026-02-19,16,25.3429999999953,1.5839374999997062,23,16,4,3,12,16,23,16,0,0,16,0,0,
SNIPER_BASE,2026-03-12,25,29.812999999980093,1.1925199999992038,41,25,4,12,22,25,41,25,0,0,25,0,0,
SNIPER_BASE,2026-03-17,8,11.296000000007552,1.412000000000944,17,8,3,5,7,8,17,8,0,0,8,0,0,
SNIPER_BASE,2026-03-18,19,28.997000000002117,1.5261578947369536,42,19,9,12,16,19,42,19,0,0,19,0,0,
SNIPER_BASE,2026-03-30,20,30.095999999984087,1.5047999999992043,27,20,2,3,16,20,27,20,0,0,20,0,0,
SNIPER_BASE,2026-04-01,18,50.7369999999828,2.8187222222212664,30,18,3,9,14,18,30,18,0,0,18,0,0,
SNIPER_BASE,2026-04-08,19,-18.188000000008287,-0.957263157895173,33,19,4,9,19,19,33,19,0,0,19,0,0,
SNIPER_BASE,2026-04-14,13,10.074000000004162,0.774923076923397,31,13,5,11,12,13,31,13,0,0,13,0,0,
SNIPER_BASE,2026-04-29,12,37.974000000011074,3.1645000000009227,35,12,5,15,10,12,35,12,0,0,12,0,0,
SNIPER_BASE,2026-05-07,16,95.90900000000511,5.994312500000319,26,16,6,2,11,16,26,16,0,0,16,0,0,
SNIPER_BASE,2026-05-29,16,112.8870000000179,7.055437500001119,37,16,7,11,11,16,37,16,0,0,16,0,0,
SNIPER_BASE,2026-06-01,13,-0.5159999999978028,-0.039692307692138676,32,13,8,10,12,13,32,13,0,0,13,0,0,
SNIPER_BASE,2026-06-11,14,131.87700000000586,9.419785714286133,23,14,5,3,9,14,23,14,0,0,14,0,0,
SNIPER_BASE,2026-06-30,11,-6.372999999999138,-0.579363636363558,27,11,6,9,11,11,27,11,0,0,11,0,0,
SNIPER_BASE,2026-07-02,6,-5.9099999999998545,-0.9849999999999758,27,6,11,7,6,6,27,6,0,0,6,0,0,
SNIPER_BASE,2026-07-03,6,12.109999999994216,2.0183333333323694,23,6,7,8,5,6,23,6,0,0,6,0,0,
SNIPER_BASE,2026-07-06,5,5.289999999997235,1.057999999999447,24,5,13,6,4,5,24,5,0,0,5,0,0,
SNIPER_BASE,2026-07-13,21,74.0199999999877,3.524761904761319,34,21,4,8,17,21,34,21,0,0,21,0,0,
MS_OFF,2024-01-02,2,1.2500000000004547,0.6250000000002274,11,2,4,5,1,2,11,2,0,0,2,0,0,
MS_OFF,2024-01-22,0,0.0,0.0,14,0,10,4,0,0,14,0,0,0,0,0,0,
MS_OFF,2024-01-23,0,0.0,0.0,8,0,3,5,0,0,8,0,0,0,0,0,0,
MS_OFF,2024-01-24,2,-0.6070000000001983,-0.30350000000009913,17,2,9,6,2,2,17,2,0,0,2,0,0,
MS_OFF,2024-02-05,1,6.180000000000064,6.180000000000064,24,1,12,11,0,1,24,1,0,0,1,0,0,
MS_OFF,2024-02-06,5,5.680000000003248,1.1360000000006496,10,5,4,1,4,5,10,5,0,0,5,0,0,
MS_OFF,2024-02-14,3,-0.459999999999809,-0.15333333333326968,11,3,4,4,3,3,11,3,0,0,3,0,0,
MS_OFF,2024-02-20,2,-0.6769999999999072,-0.3384999999999536,13,2,8,3,2,2,13,2,0,0,2,0,0,
MS_OFF,2024-03-05,5,7.166000000000622,1.4332000000001244,18,5,4,9,4,5,18,5,0,0,5,0,0,
MS_OFF,2024-03-08,4,-2.2100000000000364,-0.5525000000000091,23,4,11,7,4,4,23,4,0,0,4,0,0,
MS_OFF,2024-04-04,3,7.880000000000109,2.626666666666703,11,3,1,7,1,3,11,3,0,0,3,0,0,
MS_OFF,2024-04-26,4,-2.0299999999997453,-0.5074999999999363,19,4,9,6,4,4,19,4,0,0,4,0,0,
MS_OFF,2024-04-29,6,10.6970000000033,1.7828333333338833,18,6,6,6,4,6,18,6,0,0,6,0,0,
MS_OFF,2024-05-02,6,2.593000000000302,0.432166666666717,29,6,11,12,4,6,29,6,0,0,6,0,0,
MS_OFF,2024-05-06,5,-2.687000000000353,-0.5374000000000706,21,5,6,10,5,5,21,5,0,0,5,0,0,
MS_OFF,2024-05-09,3,7.165999999997894,2.3886666666659644,31,3,18,10,2,3,31,3,0,0,3,0,0,
MS_OFF,2024-05-15,6,4.84900000000016,0.8081666666666933,16,6,4,6,5,6,16,6,0,0,6,0,0,
MS_OFF,2024-05-22,5,25.769999999990887,5.153999999998177,27,5,12,9,3,5,27,5,0,0,5,0,0,
MS_OFF,2024-05-31,10,21.7070000000067,2.17070000000067,21,10,4,7,7,10,21,10,0,0,10,0,0,
MS_OFF,2024-06-05,11,37.749999999999545,3.4318181818181404,16,11,3,2,7,11,16,11,0,0,11,0,0,
MS_OFF,2024-06-07,8,9.007000000008702,1.1258750000010878,42,8,16,17,6,8,42,8,0,0,8,0,0,
MS_OFF,2024-06-12,4,12.090000000001055,3.0225000000002638,26,4,12,9,3,4,26,4,0,0,4,0,0,
MS_OFF,2024-06-13,6,-2.244000000000142,-0.37400000000002365,18,6,8,3,5,6,18,6,0,0,6,0,0,
MS_OFF,2024-06-14,2,10.386999999999716,5.193499999999858,25,2,12,11,1,2,25,2,0,0,2,0,0,
MS_OFF,2024-06-19,0,0.0,0.0,5,0,3,2,0,0,5,0,0,0,0,0,0,
MS_OFF,2024-07-04,2,-0.8499999999994543,-0.42499999999972715,11,2,5,3,2,2,11,2,0,0,2,0,0,
MS_OFF,2024-07-08,4,12.265999999996438,3.0664999999991096,30,4,12,13,3,4,30,4,0,0,4,0,0,
MS_OFF,2024-07-12,9,9.9050000000002,1.1005555555555777,24,9,7,8,6,9,24,9,0,0,9,0,0,
MS_OFF,2024-07-17,8,-1.0509999999994761,-0.13137499999993452,20,8,4,8,6,8,20,8,0,0,8,0,0,
MS_OFF,2024-07-22,2,-0.819999999999709,-0.4099999999998545,20,2,9,8,2,2,20,2,0,0,2,0,0,
MS_OFF,2024-07-30,2,-0.6700000000000728,-0.3350000000000364,19,2,8,9,2,2,19,2,0,0,2,0,0,
MS_OFF,2024-08-01,4,-1.7630000000003747,-0.4407500000000937,17,4,6,7,3,4,17,4,0,0,4,0,0,
MS_OFF,2024-08-05,14,12.232999999992899,0.873785714285207,43,14,14,14,12,14,43,14,0,0,14,0,0,
MS_OFF,2024-08-21,7,-3.443000000000211,-0.491857142857173,15,7,3,5,7,7,15,7,0,0,7,0,0,
MS_OFF,2024-08-28,3,-1.0729999999998654,-0.3576666666666218,20,3,9,7,3,3,20,3,0,0,3,0,0,
MS_OFF,2024-09-24,4,-2.4430000000006658,-0.6107500000001664,23,4,8,10,4,4,23,4,0,0,4,0,0,
MS_OFF,2024-09-30,4,1.383999999999105,0.34599999999977626,34,4,14,16,3,4,34,4,0,0,4,0,0,
MS_OFF,2024-10-01,5,23.490999999992255,4.698199999998451,24,5,10,9,3,5,24,5,0,0,5,0,0,
MS_OFF,2024-10-04,6,8.629000000002634,1.4381666666671056,20,6,6,7,5,6,20,6,0,0,6,0,0,
MS_OFF,2024-10-10,3,0.03999999999996362,0.013333333333321207,14,3,5,5,3,3,14,3,0,0,3,0,0,
MS_OFF,2024-10-15,8,13.754000000013093,1.7192500000016366,22,8,6,7,5,8,22,8,0,0,8,0,0,
MS_OFF,2024-10-18,9,-3.8400000000001455,-0.42666666666668285,25,9,11,5,9,9,25,9,0,0,9,0,0,
MS_OFF,2024-10-22,4,11.067000000004555,2.7667500000011387,22,4,13,4,3,4,22,4,0,0,4,0,0,
MS_OFF,2024-11-13,6,-1.5569999999993342,-0.25949999999988904,18,6,4,7,6,6,18,6,0,0,6,0,0,
MS_OFF,2024-11-28,7,20.379000000003998,2.9112857142862856,29,7,15,6,4,7,29,7,0,0,7,0,0,
MS_OFF,2024-12-02,4,-1.5399999999999636,-0.3849999999999909,26,4,13,9,4,4,26,4,0,0,4,0,0,
MS_OFF,2025-01-03,5,5.410000000003947,1.0820000000007894,22,5,10,7,4,5,22,5,0,0,5,0,0,
MS_OFF,2025-01-08,5,5.629000000001725,1.125800000000345,12,5,3,4,4,5,12,5,0,0,5,0,0,
MS_OFF,2025-01-15,10,33.94340765578151,3.3943407655781512,20,7,3,10,4,7,21,10,3,3,7,0,0,
MS_OFF,2025-01-22,5,2.41399999999976,0.482799999999952,17,5,6,6,4,5,17,5,0,0,5,0,0,
MS_OFF,2025-01-29,4,3.0200000000004366,0.7550000000001091,18,4,10,4,3,4,18,4,0,0,4,0,0,
MS_OFF,2025-01-31,4,8.29300000000103,2.0732500000002574,20,4,11,4,3,4,20,4,0,0,4,0,0,
MS_OFF,2025-02-21,2,-0.8700000000003456,-0.4350000000001728,15,2,6,6,2,2,15,2,0,0,2,0,0,
MS_OFF,2025-03-11,5,7.497000000000753,1.4994000000001506,17,5,6,6,4,5,17,5,0,0,5,0,0,
MS_OFF,2025-03-19,5,1.1330000000007203,0.22660000000014408,19,5,9,4,4,5,19,5,0,0,5,0,0,
MS_OFF,2025-03-26,1,-0.18999999999959982,-0.18999999999959982,18,1,10,6,1,1,18,1,0,0,1,0,0,
MS_OFF,2025-03-31,7,-3.604000000000269,-0.5148571428571813,23,7,10,5,6,7,23,7,0,0,7,0,0,
MS_OFF,2025-04-10,14,47.06200000000945,3.3615714285721032,32,14,7,11,11,14,32,14,0,0,14,0,0,
MS_OFF,2025-05-09,9,-4.759999999998854,-0.5288888888887615,28,9,7,12,9,9,28,9,0,0,9,0,0,
MS_OFF,2025-05-13,13,39.50999999999339,3.0392307692302607,21,13,2,5,10,13,21,13,0,0,13,0,0,
MS_OFF,2025-05-30,11,37.13300000000663,3.3757272727278758,22,11,4,7,8,11,22,11,0,0,11,0,0,
MS_OFF,2025-06-18,10,38.35300000000052,3.835300000000052,20,10,5,4,8,10,20,10,0,0,10,0,0,
MS_OFF,2025-06-30,7,-5.083000000000084,-0.7261428571428691,29,7,8,14,7,7,29,7,0,0,7,0,0,
MS_OFF,2025-07-08,11,4.396000000002459,0.3996363636365872,26,11,7,7,9,11,26,11,0,0,11,0,0,
MS_OFF,2025-07-11,4,-1.6860000000001492,-0.4215000000000373,22,4,8,8,4,4,22,4,0,0,4,0,0,
MS_OFF,2025-07-31,8,-3.87099999999964,-0.483874999999955,22,8,9,5,8,8,22,8,0,0,8,0,0,
MS_OFF,2025-08-11,9,30.245999999996457,3.360666666666273,24,9,8,7,7,9,24,9,0,0,9,0,0,
MS_OFF,2025-09-22,7,-3.2099999999995816,-0.4585714285713688,30,7,8,14,7,7,30,7,0,0,7,0,0,
MS_OFF,2025-10-16,25,109.44499999999152,4.377799999999661,41,25,4,10,20,25,41,25,0,0,25,0,0,
MS_OFF,2025-10-20,14,60.310999999999694,4.307928571428549,36,14,10,12,10,14,36,14,0,0,14,0,0,
MS_OFF,2025-10-28,18,55.719999999999345,3.095555555555519,35,18,10,6,15,18,35,18,0,0,18,0,0,
MS_OFF,2025-11-06,9,15.200000000000728,1.6888888888889697,24,9,7,8,7,9,24,9,0,0,9,0,0,
MS_OFF,2025-11-11,6,1.8299999999981083,0.3049999999996847,27,6,9,11,5,6,27,6,0,0,6,0,0,
MS_OFF,2025-11-13,13,27.612999999994827,2.124076923076525,26,13,7,5,11,13,26,13,0,0,13,0,0,
MS_OFF,2025-12-26,12,-9.830000000004475,-0.8191666666670395,25,12,7,6,12,12,25,12,0,0,12,0,0,
MS_OFF,2026-01-07,8,27.17699999999786,3.3971249999997326,24,8,9,7,7,8,24,8,0,0,8,0,0,
MS_OFF,2026-01-08,13,52.66699999998491,4.051307692306532,27,13,4,10,11,13,27,13,0,0,13,0,0,
MS_OFF,2026-01-16,9,-7.4430000000047585,-0.8270000000005288,14,9,0,3,9,9,14,9,0,0,9,0,0,
MS_OFF,2026-01-22,24,51.32600000000639,2.1385833333335995,47,24,6,16,21,24,47,24,0,0,24,0,0,
MS_OFF,2026-01-26,10,19.01000000000749,1.901000000000749,15,10,1,4,7,10,15,10,0,0,10,0,0,
MS_OFF,2026-02-02,24,426.2810000000063,17.761708333333598,35,24,2,7,19,24,35,24,0,0,24,0,0,
MS_OFF,2026-02-18,11,93.28699999997662,8.480636363634238,36,11,7,15,8,11,36,11,0,0,11,0,0,
MS_OFF,2026-02-19,16,25.3429999999953,1.5839374999997062,23,16,4,3,12,16,23,16,0,0,16,0,0,
MS_OFF,2026-03-12,25,29.812999999980093,1.1925199999992038,41,25,4,12,22,25,41,25,0,0,25,0,0,
MS_OFF,2026-03-17,8,11.296000000007552,1.412000000000944,17,8,3,5,7,8,17,8,0,0,8,0,0,
MS_OFF,2026-03-18,19,28.997000000002117,1.5261578947369536,42,19,9,12,16,19,42,19,0,0,19,0,0,
MS_OFF,2026-03-30,20,30.095999999984087,1.5047999999992043,27,20,2,3,16,20,27,20,0,0,20,0,0,
MS_OFF,2026-04-01,18,50.7369999999828,2.8187222222212664,30,18,3,9,14,18,30,18,0,0,18,0,0,
MS_OFF,2026-04-08,19,-18.188000000008287,-0.957263157895173,33,19,4,9,19,19,33,19,0,0,19,0,0,
MS_OFF,2026-04-14,13,10.074000000004162,0.774923076923397,31,13,5,11,12,13,31,13,0,0,13,0,0,
MS_OFF,2026-04-29,12,37.974000000011074,3.1645000000009227,35,12,5,15,10,12,35,12,0,0,12,0,0,
MS_OFF,2026-05-07,16,95.90900000000511,5.994312500000319,26,16,6,2,11,16,26,16,0,0,16,0,0,
MS_OFF,2026-05-29,16,112.8870000000179,7.055437500001119,37,16,7,11,11,16,37,16,0,0,16,0,0,
MS_OFF,2026-06-01,13,-0.5159999999978028,-0.039692307692138676,32,13,8,10,12,13,32,13,0,0,13,0,0,
MS_OFF,2026-06-11,14,131.87700000000586,9.419785714286133,23,14,5,3,9,14,23,14,0,0,14,0,0,
MS_OFF,2026-06-30,11,-6.372999999999138,-0.579363636363558,27,11,6,9,11,11,27,11,0,0,11,0,0,
MS_OFF,2026-07-02,6,-5.9099999999998545,-0.9849999999999758,27,6,11,7,6,6,27,6,0,0,6,0,0,
MS_OFF,2026-07-03,6,12.109999999994216,2.0183333333323694,23,6,7,8,5,6,23,6,0,0,6,0,0,
MS_OFF,2026-07-06,5,5.289999999997235,1.057999999999447,24,5,13,6,4,5,24,5,0,0,5,0,0,
MS_OFF,2026-07-13,21,74.0199999999877,3.524761904761319,34,21,4,8,17,21,34,21,0,0,21,0,0,
CONV_05,2024-01-02,2,1.2500000000004547,0.6250000000002274,11,2,4,5,1,2,11,2,0,0,2,0,0,
CONV_05,2024-01-22,0,0.0,0.0,14,0,10,4,0,0,14,0,0,0,0,0,0,
CONV_05,2024-01-23,0,0.0,0.0,8,0,3,5,0,0,8,0,0,0,0,0,0,
CONV_05,2024-01-24,2,-0.6070000000001983,-0.30350000000009913,17,2,9,6,2,2,17,2,0,0,2,0,0,
CONV_05,2024-02-05,1,6.180000000000064,6.180000000000064,24,1,12,11,0,1,24,1,0,0,1,0,0,
CONV_05,2024-02-06,5,5.680000000003248,1.1360000000006496,10,5,4,1,4,5,10,5,0,0,5,0,0,
CONV_05,2024-02-14,3,-0.459999999999809,-0.15333333333326968,11,3,4,4,3,3,11,3,0,0,3,0,0,
CONV_05,2024-02-20,2,-0.6769999999999072,-0.3384999999999536,13,2,8,3,2,2,13,2,0,0,2,0,0,
CONV_05,2024-03-05,5,7.166000000000622,1.4332000000001244,18,5,4,9,4,5,18,5,0,0,5,0,0,
CONV_05,2024-03-08,4,-2.2100000000000364,-0.5525000000000091,23,4,11,7,4,4,23,4,0,0,4,0,0,
CONV_05,2024-04-04,3,7.880000000000109,2.626666666666703,11,3,1,7,1,3,11,3,0,0,3,0,0,
CONV_05,2024-04-26,4,-2.0299999999997453,-0.5074999999999363,19,4,9,6,4,4,19,4,0,0,4,0,0,
CONV_05,2024-04-29,6,10.6970000000033,1.7828333333338833,18,6,6,6,4,6,18,6,0,0,6,0,0,
CONV_05,2024-05-02,6,2.593000000000302,0.432166666666717,29,6,11,12,4,6,29,6,0,0,6,0,0,
CONV_05,2024-05-06,5,-2.687000000000353,-0.5374000000000706,21,5,6,10,5,5,21,5,0,0,5,0,0,
CONV_05,2024-05-09,3,7.165999999997894,2.3886666666659644,31,3,18,10,2,3,31,3,0,0,3,0,0,
CONV_05,2024-05-15,6,4.84900000000016,0.8081666666666933,16,6,4,6,5,6,16,6,0,0,6,0,0,
CONV_05,2024-05-22,5,25.769999999990887,5.153999999998177,27,5,12,9,3,5,27,5,0,0,5,0,0,
CONV_05,2024-05-31,10,21.7070000000067,2.17070000000067,21,10,4,7,7,10,21,10,0,0,10,0,0,
CONV_05,2024-06-05,11,37.749999999999545,3.4318181818181404,16,11,3,2,7,11,16,11,0,0,11,0,0,
CONV_05,2024-06-07,8,9.007000000008702,1.1258750000010878,42,8,16,17,6,8,42,8,0,0,8,0,0,
CONV_05,2024-06-12,4,12.090000000001055,3.0225000000002638,26,4,12,9,3,4,26,4,0,0,4,0,0,
CONV_05,2024-06-13,6,-2.244000000000142,-0.37400000000002365,18,6,8,3,5,6,18,6,0,0,6,0,0,
CONV_05,2024-06-14,2,10.386999999999716,5.193499999999858,25,2,12,11,1,2,25,2,0,0,2,0,0,
CONV_05,2024-06-19,0,0.0,0.0,5,0,3,2,0,0,5,0,0,0,0,0,0,
CONV_05,2024-07-04,2,-0.8499999999994543,-0.42499999999972715,11,2,5,3,2,2,11,2,0,0,2,0,0,
CONV_05,2024-07-08,4,12.265999999996438,3.0664999999991096,30,4,12,13,3,4,30,4,0,0,4,0,0,
CONV_05,2024-07-12,9,9.9050000000002,1.1005555555555777,24,9,7,8,6,9,24,9,0,0,9,0,0,
CONV_05,2024-07-17,8,-1.0509999999994761,-0.13137499999993452,20,8,4,8,6,8,20,8,0,0,8,0,0,
CONV_05,2024-07-22,2,-0.819999999999709,-0.4099999999998545,20,2,9,8,2,2,20,2,0,0,2,0,0,
CONV_05,2024-07-30,2,-0.6700000000000728,-0.3350000000000364,19,2,8,9,2,2,19,2,0,0,2,0,0,
CONV_05,2024-08-01,4,-1.7630000000003747,-0.4407500000000937,17,4,6,7,3,4,17,4,0,0,4,0,0,
CONV_05,2024-08-05,14,12.232999999992899,0.873785714285207,43,14,14,14,12,14,43,14,0,0,14,0,0,
CONV_05,2024-08-21,7,-3.443000000000211,-0.491857142857173,15,7,3,5,7,7,15,7,0,0,7,0,0,
CONV_05,2024-08-28,3,-1.0729999999998654,-0.3576666666666218,20,3,9,7,3,3,20,3,0,0,3,0,0,
CONV_05,2024-09-24,4,-2.4430000000006658,-0.6107500000001664,23,4,8,10,4,4,23,4,0,0,4,0,0,
CONV_05,2024-09-30,4,1.383999999999105,0.34599999999977626,34,4,14,16,3,4,34,4,0,0,4,0,0,
CONV_05,2024-10-01,5,23.490999999992255,4.698199999998451,24,5,10,9,3,5,24,5,0,0,5,0,0,
CONV_05,2024-10-04,6,8.629000000002634,1.4381666666671056,20,6,6,7,5,6,20,6,0,0,6,0,0,
CONV_05,2024-10-10,3,0.03999999999996362,0.013333333333321207,14,3,5,5,3,3,14,3,0,0,3,0,0,
CONV_05,2024-10-15,8,13.754000000013093,1.7192500000016366,22,8,6,7,5,8,22,8,0,0,8,0,0,
CONV_05,2024-10-18,9,-3.8400000000001455,-0.42666666666668285,25,9,11,5,9,9,25,9,0,0,9,0,0,
CONV_05,2024-10-22,4,11.067000000004555,2.7667500000011387,22,4,13,4,3,4,22,4,0,0,4,0,0,
CONV_05,2024-11-13,6,-1.5569999999993342,-0.25949999999988904,18,6,4,7,6,6,18,6,0,0,6,0,0,
CONV_05,2024-11-28,7,20.379000000003998,2.9112857142862856,29,7,15,6,4,7,29,7,0,0,7,0,0,
CONV_05,2024-12-02,4,-1.5399999999999636,-0.3849999999999909,26,4,13,9,4,4,26,4,0,0,4,0,0,
CONV_05,2025-01-03,5,5.410000000003947,1.0820000000007894,22,5,10,7,4,5,22,5,0,0,5,0,0,
CONV_05,2025-01-08,5,5.629000000001725,1.125800000000345,12,5,3,4,4,5,12,5,0,0,5,0,0,
CONV_05,2025-01-15,10,33.94340765578151,3.3943407655781512,20,7,3,10,4,7,21,10,3,3,7,0,0,
CONV_05,2025-01-22,5,2.41399999999976,0.482799999999952,17,5,6,6,4,5,17,5,0,0,5,0,0,
CONV_05,2025-01-29,4,3.0200000000004366,0.7550000000001091,18,4,10,4,3,4,18,4,0,0,4,0,0,
CONV_05,2025-01-31,4,8.29300000000103,2.0732500000002574,20,4,11,4,3,4,20,4,0,0,4,0,0,
CONV_05,2025-02-21,2,-0.8700000000003456,-0.4350000000001728,15,2,6,6,2,2,15,2,0,0,2,0,0,
CONV_05,2025-03-11,5,7.497000000000753,1.4994000000001506,17,5,6,6,4,5,17,5,0,0,5,0,0,
CONV_05,2025-03-19,5,1.1330000000007203,0.22660000000014408,19,5,9,4,4,5,19,5,0,0,5,0,0,
CONV_05,2025-03-26,1,-0.18999999999959982,-0.18999999999959982,18,1,10,6,1,1,18,1,0,0,1,0,0,
CONV_05,2025-03-31,7,-3.604000000000269,-0.5148571428571813,23,7,10,5,6,7,23,7,0,0,7,0,0,
CONV_05,2025-04-10,14,47.06200000000945,3.3615714285721032,32,14,7,11,11,14,32,14,0,0,14,0,0,
CONV_05,2025-05-09,9,-4.759999999998854,-0.5288888888887615,28,9,7,12,9,9,28,9,0,0,9,0,0,
CONV_05,2025-05-13,13,39.50999999999339,3.0392307692302607,21,13,2,5,10,13,21,13,0,0,13,0,0,
CONV_05,2025-05-30,11,37.13300000000663,3.3757272727278758,22,11,4,7,8,11,22,11,0,0,11,0,0,
CONV_05,2025-06-18,10,38.35300000000052,3.835300000000052,20,10,5,4,8,10,20,10,0,0,10,0,0,
CONV_05,2025-06-30,7,-5.083000000000084,-0.7261428571428691,29,7,8,14,7,7,29,7,0,0,7,0,0,
CONV_05,2025-07-08,11,4.396000000002459,0.3996363636365872,26,11,7,7,9,11,26,11,0,0,11,0,0,
CONV_05,2025-07-11,4,-1.6860000000001492,-0.4215000000000373,22,4,8,8,4,4,22,4,0,0,4,0,0,
CONV_05,2025-07-31,8,-3.87099999999964,-0.483874999999955,22,8,9,5,8,8,22,8,0,0,8,0,0,
CONV_05,2025-08-11,9,30.245999999996457,3.360666666666273,24,9,8,7,7,9,24,9,0,0,9,0,0,
CONV_05,2025-09-22,7,-3.2099999999995816,-0.4585714285713688,30,7,8,14,7,7,30,7,0,0,7,0,0,
CONV_05,2025-10-16,25,109.44499999999152,4.377799999999661,41,25,4,10,20,25,41,25,0,0,25,0,0,
CONV_05,2025-10-20,14,60.310999999999694,4.307928571428549,36,14,10,12,10,14,36,14,0,0,14,0,0,
CONV_05,2025-10-28,18,55.719999999999345,3.095555555555519,35,18,10,6,15,18,35,18,0,0,18,0,0,
CONV_05,2025-11-06,9,15.200000000000728,1.6888888888889697,24,9,7,8,7,9,24,9,0,0,9,0,0,
CONV_05,2025-11-11,6,1.8299999999981083,0.3049999999996847,27,6,9,11,5,6,27,6,0,0,6,0,0,
CONV_05,2025-11-13,13,27.612999999994827,2.124076923076525,26,13,7,5,11,13,26,13,0,0,13,0,0,
CONV_05,2025-12-26,12,-9.830000000004475,-0.8191666666670395,25,12,7,6,12,12,25,12,0,0,12,0,0,
CONV_05,2026-01-07,8,27.17699999999786,3.3971249999997326,24,8,9,7,7,8,24,8,0,0,8,0,0,
CONV_05,2026-01-08,13,52.66699999998491,4.051307692306532,27,13,4,10,11,13,27,13,0,0,13,0,0,
CONV_05,2026-01-16,9,-7.4430000000047585,-0.8270000000005288,14,9,0,3,9,9,14,9,0,0,9,0,0,
CONV_05,2026-01-22,24,51.32600000000639,2.1385833333335995,47,24,6,16,21,24,47,24,0,0,24,0,0,
CONV_05,2026-01-26,10,19.01000000000749,1.901000000000749,15,10,1,4,7,10,15,10,0,0,10,0,0,
CONV_05,2026-02-02,24,426.2810000000063,17.761708333333598,35,24,2,7,19,24,35,24,0,0,24,0,0,
CONV_05,2026-02-18,11,93.28699999997662,8.480636363634238,36,11,7,15,8,11,36,11,0,0,11,0,0,
CONV_05,2026-02-19,16,25.3429999999953,1.5839374999997062,23,16,4,3,12,16,23,16,0,0,16,0,0,
CONV_05,2026-03-12,25,29.812999999980093,1.1925199999992038,41,25,4,12,22,25,41,25,0,0,25,0,0,
CONV_05,2026-03-17,8,11.296000000007552,1.412000000000944,17,8,3,5,7,8,17,8,0,0,8,0,0,
CONV_05,2026-03-18,19,28.997000000002117,1.5261578947369536,42,19,9,12,16,19,42,19,0,0,19,0,0,
CONV_05,2026-03-30,20,30.095999999984087,1.5047999999992043,27,20,2,3,16,20,27,20,0,0,20,0,0,
CONV_05,2026-04-01,18,50.7369999999828,2.8187222222212664,30,18,3,9,14,18,30,18,0,0,18,0,0,
CONV_05,2026-04-08,19,-18.188000000008287,-0.957263157895173,33,19,4,9,19,19,33,19,0,0,19,0,0,
CONV_05,2026-04-14,13,10.074000000004162,0.774923076923397,31,13,5,11,12,13,31,13,0,0,13,0,0,
CONV_05,2026-04-29,12,37.974000000011074,3.1645000000009227,35,12,5,15,10,12,35,12,0,0,12,0,0,
CONV_05,2026-05-07,16,95.90900000000511,5.994312500000319,26,16,6,2,11,16,26,16,0,0,16,0,0,
CONV_05,2026-05-29,16,112.8870000000179,7.055437500001119,37,16,7,11,11,16,37,16,0,0,16,0,0,
CONV_05,2026-06-01,13,-0.5159999999978028,-0.039692307692138676,32,13,8,10,12,13,32,13,0,0,13,0,0,
CONV_05,2026-06-11,14,131.87700000000586,9.419785714286133,23,14,5,3,9,14,23,14,0,0,14,0,0,
CONV_05,2026-06-30,11,-6.372999999999138,-0.579363636363558,27,11,6,9,11,11,27,11,0,0,11,0,0,
CONV_05,2026-07-02,6,-5.9099999999998545,-0.9849999999999758,27,6,11,7,6,6,27,6,0,0,6,0,0,
CONV_05,2026-07-03,6,12.109999999994216,2.0183333333323694,23,6,7,8,5,6,23,6,0,0,6,0,0,
CONV_05,2026-07-06,5,5.289999999997235,1.057999999999447,24,5,13,6,4,5,24,5,0,0,5,0,0,
CONV_05,2026-07-13,21,74.0199999999877,3.524761904761319,34,21,4,8,17,21,34,21,0,0,21,0,0,
CONV_07,2024-01-02,2,1.2500000000004547,0.6250000000002274,11,2,4,5,1,2,11,2,0,0,2,0,0,
CONV_07,2024-01-22,0,0.0,0.0,14,0,10,4,0,0,14,0,0,0,0,0,0,
CONV_07,2024-01-23,0,0.0,0.0,8,0,3,5,0,0,8,0,0,0,0,0,0,
CONV_07,2024-01-24,2,-0.6070000000001983,-0.30350000000009913,17,2,9,6,2,2,17,2,0,0,2,0,0,
CONV_07,2024-02-05,1,6.180000000000064,6.180000000000064,24,1,12,11,0,1,24,1,0,0,1,0,0,
CONV_07,2024-02-06,5,5.680000000003248,1.1360000000006496,10,5,4,1,4,5,10,5,0,0,5,0,0,
CONV_07,2024-02-14,3,-0.459999999999809,-0.15333333333326968,11,3,4,4,3,3,11,3,0,0,3,0,0,
CONV_07,2024-02-20,2,-0.6769999999999072,-0.3384999999999536,12,2,8,2,2,2,12,2,0,0,2,0,0,
CONV_07,2024-03-05,5,7.166000000000622,1.4332000000001244,17,5,4,8,4,5,17,5,0,0,5,0,0,
CONV_07,2024-03-08,4,-2.2100000000000364,-0.5525000000000091,21,4,10,6,4,4,21,4,0,0,4,0,0,
CONV_07,2024-04-04,3,7.880000000000109,2.626666666666703,10,3,1,6,1,3,10,3,0,0,3,0,0,
CONV_07,2024-04-26,4,-2.0299999999997453,-0.5074999999999363,19,4,9,6,4,4,19,4,0,0,4,0,0,
CONV_07,2024-04-29,6,10.6970000000033,1.7828333333338833,18,6,6,6,4,6,18,6,0,0,6,0,0,
CONV_07,2024-05-02,6,2.593000000000302,0.432166666666717,29,6,11,12,4,6,29,6,0,0,6,0,0,
CONV_07,2024-05-06,5,-2.687000000000353,-0.5374000000000706,21,5,6,10,5,5,21,5,0,0,5,0,0,
CONV_07,2024-05-09,3,7.165999999997894,2.3886666666659644,31,3,18,10,2,3,31,3,0,0,3,0,0,
CONV_07,2024-05-15,6,4.84900000000016,0.8081666666666933,16,6,4,6,5,6,16,6,0,0,6,0,0,
CONV_07,2024-05-22,5,25.769999999990887,5.153999999998177,27,5,12,9,3,5,27,5,0,0,5,0,0,
CONV_07,2024-05-31,10,21.7070000000067,2.17070000000067,21,10,4,7,7,10,21,10,0,0,10,0,0,
CONV_07,2024-06-05,10,28.07299999999941,2.807299999999941,15,10,3,2,7,10,15,10,0,0,10,0,0,
CONV_07,2024-06-07,8,9.007000000008702,1.1258750000010878,42,8,16,17,6,8,42,8,0,0,8,0,0,
CONV_07,2024-06-12,4,12.090000000001055,3.0225000000002638,26,4,12,9,3,4,26,4,0,0,4,0,0,
CONV_07,2024-06-13,6,-2.244000000000142,-0.37400000000002365,18,6,8,3,5,6,18,6,0,0,6,0,0,
CONV_07,2024-06-14,2,10.386999999999716,5.193499999999858,25,2,12,11,1,2,25,2,0,0,2,0,0,
CONV_07,2024-06-19,0,0.0,0.0,5,0,3,2,0,0,5,0,0,0,0,0,0,
CONV_07,2024-07-04,2,-0.8499999999994543,-0.42499999999972715,11,2,5,3,2,2,11,2,0,0,2,0,0,
CONV_07,2024-07-08,4,12.265999999996438,3.0664999999991096,30,4,12,13,3,4,30,4,0,0,4,0,0,
CONV_07,2024-07-12,9,9.9050000000002,1.1005555555555777,23,9,7,7,6,9,23,9,0,0,9,0,0,
CONV_07,2024-07-17,8,-1.0509999999994761,-0.13137499999993452,20,8,4,8,6,8,20,8,0,0,8,0,0,
CONV_07,2024-07-22,2,-0.819999999999709,-0.4099999999998545,20,2,9,8,2,2,20,2,0,0,2,0,0,
CONV_07,2024-07-30,2,-0.6700000000000728,-0.3350000000000364,19,2,8,9,2,2,19,2,0,0,2,0,0,
CONV_07,2024-08-01,4,-1.7630000000003747,-0.4407500000000937,17,4,6,7,3,4,17,4,0,0,4,0,0,
CONV_07,2024-08-05,14,12.232999999992899,0.873785714285207,43,14,14,14,12,14,43,14,0,0,14,0,0,
CONV_07,2024-08-21,7,-3.443000000000211,-0.491857142857173,15,7,3,5,7,7,15,7,0,0,7,0,0,
CONV_07,2024-08-28,3,-1.0729999999998654,-0.3576666666666218,20,3,9,7,3,3,20,3,0,0,3,0,0,
CONV_07,2024-09-24,4,-2.4430000000006658,-0.6107500000001664,23,4,8,10,4,4,23,4,0,0,4,0,0,
CONV_07,2024-09-30,4,1.383999999999105,0.34599999999977626,34,4,14,16,3,4,34,4,0,0,4,0,0,
CONV_07,2024-10-01,5,23.490999999992255,4.698199999998451,24,5,10,9,3,5,24,5,0,0,5,0,0,
CONV_07,2024-10-04,6,8.629000000002634,1.4381666666671056,20,6,6,7,5,6,20,6,0,0,6,0,0,
CONV_07,2024-10-10,2,0.13299999999981083,0.06649999999990541,13,2,5,5,2,2,13,2,0,0,2,0,0,
CONV_07,2024-10-15,8,13.754000000013093,1.7192500000016366,22,8,6,7,5,8,22,8,0,0,8,0,0,
CONV_07,2024-10-18,9,-3.8400000000001455,-0.42666666666668285,25,9,11,5,9,9,25,9,0,0,9,0,0,
CONV_07,2024-10-22,4,11.067000000004555,2.7667500000011387,22,4,13,4,3,4,22,4,0,0,4,0,0,
CONV_07,2024-11-13,6,-1.5569999999993342,-0.25949999999988904,18,6,4,7,6,6,18,6,0,0,6,0,0,
CONV_07,2024-11-28,7,20.379000000003998,2.9112857142862856,29,7,15,6,4,7,29,7,0,0,7,0,0,
CONV_07,2024-12-02,4,-1.5399999999999636,-0.3849999999999909,26,4,13,9,4,4,26,4,0,0,4,0,0,
CONV_07,2025-01-03,5,5.410000000003947,1.0820000000007894,22,5,10,7,4,5,22,5,0,0,5,0,0,
CONV_07,2025-01-08,5,5.629000000001725,1.125800000000345,12,5,3,4,4,5,12,5,0,0,5,0,0,
CONV_07,2025-01-15,10,33.94340765578151,3.3943407655781512,20,7,3,10,4,7,21,10,3,3,7,0,0,
CONV_07,2025-01-22,5,2.41399999999976,0.482799999999952,17,5,6,6,4,5,17,5,0,0,5,0,0,
CONV_07,2025-01-29,4,3.0200000000004366,0.7550000000001091,18,4,10,4,3,4,18,4,0,0,4,0,0,
CONV_07,2025-01-31,4,8.29300000000103,2.0732500000002574,20,4,11,4,3,4,20,4,0,0,4,0,0,
CONV_07,2025-02-21,2,-0.8700000000003456,-0.4350000000001728,15,2,6,6,2,2,15,2,0,0,2,0,0,
CONV_07,2025-03-11,5,7.497000000000753,1.4994000000001506,16,5,6,5,4,5,16,5,0,0,5,0,0,
CONV_07,2025-03-19,5,1.1330000000007203,0.22660000000014408,19,5,9,4,4,5,19,5,0,0,5,0,0,
CONV_07,2025-03-26,1,-0.18999999999959982,-0.18999999999959982,18,1,10,6,1,1,18,1,0,0,1,0,0,
CONV_07,2025-03-31,7,-3.604000000000269,-0.5148571428571813,22,7,10,4,6,7,22,7,0,0,7,0,0,
CONV_07,2025-04-10,14,47.06200000000945,3.3615714285721032,31,14,7,10,11,14,31,14,0,0,14,0,0,
CONV_07,2025-05-09,9,-4.759999999998854,-0.5288888888887615,28,9,7,12,9,9,28,9,0,0,9,0,0,
CONV_07,2025-05-13,13,39.50999999999339,3.0392307692302607,21,13,2,5,10,13,21,13,0,0,13,0,0,
CONV_07,2025-05-30,11,37.13300000000663,3.3757272727278758,22,11,4,7,8,11,22,11,0,0,11,0,0,
CONV_07,2025-06-18,10,38.35300000000052,3.835300000000052,20,10,5,4,8,10,20,10,0,0,10,0,0,
CONV_07,2025-06-30,7,-5.083000000000084,-0.7261428571428691,28,7,8,13,7,7,28,7,0,0,7,0,0,
CONV_07,2025-07-08,11,4.396000000002459,0.3996363636365872,26,11,7,7,9,11,26,11,0,0,11,0,0,
CONV_07,2025-07-11,4,-1.6860000000001492,-0.4215000000000373,22,4,8,8,4,4,22,4,0,0,4,0,0,
CONV_07,2025-07-31,8,-3.87099999999964,-0.483874999999955,22,8,9,5,8,8,22,8,0,0,8,0,0,
CONV_07,2025-08-11,9,30.245999999996457,3.360666666666273,24,9,8,7,7,9,24,9,0,0,9,0,0,
CONV_07,2025-09-22,7,-3.2099999999995816,-0.4585714285713688,30,7,8,14,7,7,30,7,0,0,7,0,0,
CONV_07,2025-10-16,25,109.44499999999152,4.377799999999661,41,25,4,10,20,25,41,25,0,0,25,0,0,
CONV_07,2025-10-20,14,60.310999999999694,4.307928571428549,36,14,10,12,10,14,36,14,0,0,14,0,0,
CONV_07,2025-10-28,18,55.719999999999345,3.095555555555519,35,18,10,6,15,18,35,18,0,0,18,0,0,
CONV_07,2025-11-06,9,15.200000000000728,1.6888888888889697,24,9,7,8,7,9,24,9,0,0,9,0,0,
CONV_07,2025-11-11,6,1.8299999999981083,0.3049999999996847,27,6,9,11,5,6,27,6,0,0,6,0,0,
CONV_07,2025-11-13,13,27.612999999994827,2.124076923076525,26,13,7,5,11,13,26,13,0,0,13,0,0,
CONV_07,2025-12-26,11,-9.583000000004176,-0.8711818181821979,24,11,7,6,11,11,24,11,0,0,11,0,0,
CONV_07,2026-01-07,8,27.17699999999786,3.3971249999997326,24,8,9,7,7,8,24,8,0,0,8,0,0,
CONV_07,2026-01-08,13,52.66699999998491,4.051307692306532,27,13,4,10,11,13,27,13,0,0,13,0,0,
CONV_07,2026-01-16,9,-7.4430000000047585,-0.8270000000005288,14,9,0,3,9,9,14,9,0,0,9,0,0,
CONV_07,2026-01-22,24,51.32600000000639,2.1385833333335995,46,24,6,16,21,24,46,24,0,0,24,0,0,
CONV_07,2026-01-26,10,19.01000000000749,1.901000000000749,15,10,1,4,7,10,15,10,0,0,10,0,0,
CONV_07,2026-02-02,24,426.2810000000063,17.761708333333598,34,24,2,6,19,24,34,24,0,0,24,0,0,
CONV_07,2026-02-18,11,93.28699999997662,8.480636363634238,36,11,7,15,8,11,36,11,0,0,11,0,0,
CONV_07,2026-02-19,16,25.3429999999953,1.5839374999997062,23,16,4,3,12,16,23,16,0,0,16,0,0,
CONV_07,2026-03-12,25,29.812999999980093,1.1925199999992038,41,25,4,12,22,25,41,25,0,0,25,0,0,
CONV_07,2026-03-17,7,10.636000000007698,1.5194285714296711,16,7,3,5,6,7,16,7,0,0,7,0,0,
CONV_07,2026-03-18,19,28.997000000002117,1.5261578947369536,42,19,9,12,16,19,42,19,0,0,19,0,0,
CONV_07,2026-03-30,20,30.095999999984087,1.5047999999992043,27,20,2,3,16,20,27,20,0,0,20,0,0,
CONV_07,2026-04-01,18,50.7369999999828,2.8187222222212664,30,18,3,9,14,18,30,18,0,0,18,0,0,
CONV_07,2026-04-08,19,-18.188000000008287,-0.957263157895173,33,19,4,9,19,19,33,19,0,0,19,0,0,
CONV_07,2026-04-14,13,10.074000000004162,0.774923076923397,31,13,5,11,12,13,31,13,0,0,13,0,0,
CONV_07,2026-04-29,12,37.974000000011074,3.1645000000009227,35,12,5,15,10,12,35,12,0,0,12,0,0,
CONV_07,2026-05-07,15,85.28300000000127,5.685533333333418,25,15,6,2,11,15,25,15,0,0,15,0,0,
CONV_07,2026-05-29,16,112.8870000000179,7.055437500001119,37,16,7,11,11,16,37,16,0,0,16,0,0,
CONV_07,2026-06-01,13,-0.5159999999978028,-0.039692307692138676,32,13,8,10,12,13,32,13,0,0,13,0,0,
CONV_07,2026-06-11,14,131.87700000000586,9.419785714286133,23,14,5,3,9,14,23,14,0,0,14,0,0,
CONV_07,2026-06-30,11,-6.372999999999138,-0.579363636363558,26,11,6,8,11,11,26,11,0,0,11,0,0,
CONV_07,2026-07-02,6,-5.9099999999998545,-0.9849999999999758,26,6,11,7,6,6,26,6,0,0,6,0,0,
CONV_07,2026-07-03,6,12.109999999994216,2.0183333333323694,23,6,7,8,5,6,23,6,0,0,6,0,0,
CONV_07,2026-07-06,5,5.289999999997235,1.057999999999447,24,5,13,6,4,5,24,5,0,0,5,0,0,
CONV_07,2026-07-13,21,74.0199999999877,3.524761904761319,34,21,4,8,17,21,34,21,0,0,21,0,0,
BOOST_15,2024-01-02,2,1.2500000000004547,0.6250000000002274,11,2,4,5,1,2,11,2,0,0,2,0,0,
BOOST_15,2024-01-22,0,0.0,0.0,14,0,10,4,0,0,14,0,0,0,0,0,0,
BOOST_15,2024-01-23,0,0.0,0.0,8,0,3,5,0,0,8,0,0,0,0,0,0,
BOOST_15,2024-01-24,2,-0.6070000000001983,-0.30350000000009913,17,2,9,6,2,2,17,2,0,0,2,0,0,
BOOST_15,2024-02-05,1,6.180000000000064,6.180000000000064,24,1,12,11,0,1,24,1,0,0,1,0,0,
BOOST_15,2024-02-06,5,5.680000000003248,1.1360000000006496,10,5,4,1,4,5,10,5,0,0,5,0,0,
BOOST_15,2024-02-14,3,-0.459999999999809,-0.15333333333326968,11,3,4,4,3,3,11,3,0,0,3,0,0,
BOOST_15,2024-02-20,2,-0.6769999999999072,-0.3384999999999536,13,2,8,3,2,2,13,2,0,0,2,0,0,
BOOST_15,2024-03-05,5,7.166000000000622,1.4332000000001244,18,5,4,9,4,5,18,5,0,0,5,0,0,
BOOST_15,2024-03-08,4,-2.2100000000000364,-0.5525000000000091,23,4,11,7,4,4,23,4,0,0,4,0,0,
BOOST_15,2024-04-04,3,7.880000000000109,2.626666666666703,11,3,1,7,1,3,11,3,0,0,3,0,0,
BOOST_15,2024-04-26,4,-2.0299999999997453,-0.5074999999999363,19,4,9,6,4,4,19,4,0,0,4,0,0,
BOOST_15,2024-04-29,6,10.6970000000033,1.7828333333338833,18,6,6,6,4,6,18,6,0,0,6,0,0,
BOOST_15,2024-05-02,6,2.593000000000302,0.432166666666717,29,6,11,12,4,6,29,6,0,0,6,0,0,
BOOST_15,2024-05-06,5,-2.687000000000353,-0.5374000000000706,21,5,6,10,5,5,21,5,0,0,5,0,0,
BOOST_15,2024-05-09,3,7.165999999997894,2.3886666666659644,31,3,18,10,2,3,31,3,0,0,3,0,0,
BOOST_15,2024-05-15,6,4.84900000000016,0.8081666666666933,16,6,4,6,5,6,16,6,0,0,6,0,0,
BOOST_15,2024-05-22,5,25.769999999990887,5.153999999998177,27,5,12,9,3,5,27,5,0,0,5,0,0,
BOOST_15,2024-05-31,10,21.7070000000067,2.17070000000067,21,10,4,7,7,10,21,10,0,0,10,0,0,
BOOST_15,2024-06-05,11,37.749999999999545,3.4318181818181404,16,11,3,2,7,11,16,11,0,0,11,0,0,
BOOST_15,2024-06-07,8,9.007000000008702,1.1258750000010878,42,8,16,17,6,8,42,8,0,0,8,0,0,
BOOST_15,2024-06-12,4,12.090000000001055,3.0225000000002638,26,4,12,9,3,4,26,4,0,0,4,0,0,
BOOST_15,2024-06-13,6,-2.244000000000142,-0.37400000000002365,18,6,8,3,5,6,18,6,0,0,6,0,0,
BOOST_15,2024-06-14,2,10.386999999999716,5.193499999999858,25,2,12,11,1,2,25,2,0,0,2,0,0,
BOOST_15,2024-06-19,0,0.0,0.0,5,0,3,2,0,0,5,0,0,0,0,0,0,
BOOST_15,2024-07-04,2,-0.8499999999994543,-0.42499999999972715,11,2,5,3,2,2,11,2,0,0,2,0,0,
BOOST_15,2024-07-08,4,12.265999999996438,3.0664999999991096,30,4,12,13,3,4,30,4,0,0,4,0,0,
BOOST_15,2024-07-12,9,9.9050000000002,1.1005555555555777,24,9,7,8,6,9,24,9,0,0,9,0,0,
BOOST_15,2024-07-17,8,-1.0509999999994761,-0.13137499999993452,20,8,4,8,6,8,20,8,0,0,8,0,0,
BOOST_15,2024-07-22,2,-0.819999999999709,-0.4099999999998545,20,2,9,8,2,2,20,2,0,0,2,0,0,
BOOST_15,2024-07-30,2,-0.6700000000000728,-0.3350000000000364,19,2,8,9,2,2,19,2,0,0,2,0,0,
BOOST_15,2024-08-01,4,-1.7630000000003747,-0.4407500000000937,17,4,6,7,3,4,17,4,0,0,4,0,0,
BOOST_15,2024-08-05,14,12.232999999992899,0.873785714285207,43,14,14,14,12,14,43,14,0,0,14,0,0,
BOOST_15,2024-08-21,7,-3.443000000000211,-0.491857142857173,15,7,3,5,7,7,15,7,0,0,7,0,0,
BOOST_15,2024-08-28,3,-1.0729999999998654,-0.3576666666666218,20,3,9,7,3,3,20,3,0,0,3,0,0,
BOOST_15,2024-09-24,4,-2.4430000000006658,-0.6107500000001664,23,4,8,10,4,4,23,4,0,0,4,0,0,
BOOST_15,2024-09-30,4,1.383999999999105,0.34599999999977626,34,4,14,16,3,4,34,4,0,0,4,0,0,
BOOST_15,2024-10-01,5,23.490999999992255,4.698199999998451,24,5,10,9,3,5,24,5,0,0,5,0,0,
BOOST_15,2024-10-04,6,8.629000000002634,1.4381666666671056,20,6,6,7,5,6,20,6,0,0,6,0,0,
BOOST_15,2024-10-10,3,0.03999999999996362,0.013333333333321207,14,3,5,5,3,3,14,3,0,0,3,0,0,
BOOST_15,2024-10-15,8,13.754000000013093,1.7192500000016366,22,8,6,7,5,8,22,8,0,0,8,0,0,
BOOST_15,2024-10-18,9,-3.8400000000001455,-0.42666666666668285,25,9,11,5,9,9,25,9,0,0,9,0,0,
BOOST_15,2024-10-22,4,11.067000000004555,2.7667500000011387,22,4,13,4,3,4,22,4,0,0,4,0,0,
BOOST_15,2024-11-13,6,-1.5569999999993342,-0.25949999999988904,18,6,4,7,6,6,18,6,0,0,6,0,0,
BOOST_15,2024-11-28,7,20.379000000003998,2.9112857142862856,29,7,15,6,4,7,29,7,0,0,7,0,0,
BOOST_15,2024-12-02,4,-1.5399999999999636,-0.3849999999999909,26,4,13,9,4,4,26,4,0,0,4,0,0,
BOOST_15,2025-01-03,5,5.410000000003947,1.0820000000007894,22,5,10,7,4,5,22,5,0,0,5,0,0,
BOOST_15,2025-01-08,5,5.629000000001725,1.125800000000345,12,5,3,4,4,5,12,5,0,0,5,0,0,
BOOST_15,2025-01-15,10,33.94340765578151,3.3943407655781512,20,7,3,10,4,7,21,10,3,3,7,0,0,
BOOST_15,2025-01-22,5,2.41399999999976,0.482799999999952,17,5,6,6,4,5,17,5,0,0,5,0,0,
BOOST_15,2025-01-29,4,3.0200000000004366,0.7550000000001091,18,4,10,4,3,4,18,4,0,0,4,0,0,
BOOST_15,2025-01-31,4,8.29300000000103,2.0732500000002574,20,4,11,4,3,4,20,4,0,0,4,0,0,
BOOST_15,2025-02-21,2,-0.8700000000003456,-0.4350000000001728,15,2,6,6,2,2,15,2,0,0,2,0,0,
BOOST_15,2025-03-11,5,7.497000000000753,1.4994000000001506,17,5,6,6,4,5,17,5,0,0,5,0,0,
BOOST_15,2025-03-19,5,1.1330000000007203,0.22660000000014408,19,5,9,4,4,5,19,5,0,0,5,0,0,
BOOST_15,2025-03-26,1,-0.18999999999959982,-0.18999999999959982,18,1,10,6,1,1,18,1,0,0,1,0,0,
BOOST_15,2025-03-31,7,-3.604000000000269,-0.5148571428571813,23,7,10,5,6,7,23,7,0,0,7,0,0,
BOOST_15,2025-04-10,14,47.06200000000945,3.3615714285721032,32,14,7,11,11,14,32,14,0,0,14,0,0,
BOOST_15,2025-05-09,9,-4.759999999998854,-0.5288888888887615,28,9,7,12,9,9,28,9,0,0,9,0,0,
BOOST_15,2025-05-13,13,39.50999999999339,3.0392307692302607,21,13,2,5,10,13,21,13,0,0,13,0,0,
BOOST_15,2025-05-30,11,37.13300000000663,3.3757272727278758,22,11,4,7,8,11,22,11,0,0,11,0,0,
BOOST_15,2025-06-18,10,38.35300000000052,3.835300000000052,20,10,5,4,8,10,20,10,0,0,10,0,0,
BOOST_15,2025-06-30,7,-5.083000000000084,-0.7261428571428691,29,7,8,14,7,7,29,7,0,0,7,0,0,
BOOST_15,2025-07-08,11,4.396000000002459,0.3996363636365872,26,11,7,7,9,11,26,11,0,0,11,0,0,
BOOST_15,2025-07-11,4,-1.6860000000001492,-0.4215000000000373,22,4,8,8,4,4,22,4,0,0,4,0,0,
BOOST_15,2025-07-31,8,-3.87099999999964,-0.483874999999955,22,8,9,5,8,8,22,8,0,0,8,0,0,
BOOST_15,2025-08-11,9,30.245999999996457,3.360666666666273,24,9,8,7,7,9,24,9,0,0,9,0,0,
BOOST_15,2025-09-22,7,-3.2099999999995816,-0.4585714285713688,30,7,8,14,7,7,30,7,0,0,7,0,0,
BOOST_15,2025-10-16,25,109.44499999999152,4.377799999999661,41,25,4,10,20,25,41,25,0,0,25,0,0,
BOOST_15,2025-10-20,14,60.310999999999694,4.307928571428549,36,14,10,12,10,14,36,14,0,0,14,0,0,
BOOST_15,2025-10-28,18,55.719999999999345,3.095555555555519,35,18,10,6,15,18,35,18,0,0,18,0,0,
BOOST_15,2025-11-06,9,15.200000000000728,1.6888888888889697,24,9,7,8,7,9,24,9,0,0,9,0,0,
BOOST_15,2025-11-11,6,1.8299999999981083,0.3049999999996847,27,6,9,11,5,6,27,6,0,0,6,0,0,
BOOST_15,2025-11-13,13,27.612999999994827,2.124076923076525,26,13,7,5,11,13,26,13,0,0,13,0,0,
BOOST_15,2025-12-26,12,-9.830000000004475,-0.8191666666670395,25,12,7,6,12,12,25,12,0,0,12,0,0,
BOOST_15,2026-01-07,8,27.17699999999786,3.3971249999997326,24,8,9,7,7,8,24,8,0,0,8,0,0,
BOOST_15,2026-01-08,13,52.66699999998491,4.051307692306532,27,13,4,10,11,13,27,13,0,0,13,0,0,
BOOST_15,2026-01-16,9,-7.4430000000047585,-0.8270000000005288,14,9,0,3,9,9,14,9,0,0,9,0,0,
BOOST_15,2026-01-22,24,51.32600000000639,2.1385833333335995,47,24,6,16,21,24,47,24,0,0,24,0,0,
BOOST_15,2026-01-26,10,19.01000000000749,1.901000000000749,15,10,1,4,7,10,15,10,0,0,10,0,0,
BOOST_15,2026-02-02,24,426.2810000000063,17.761708333333598,35,24,2,7,19,24,35,24,0,0,24,0,0,
BOOST_15,2026-02-18,11,93.28699999997662,8.480636363634238,36,11,7,15,8,11,36,11,0,0,11,0,0,
BOOST_15,2026-02-19,16,25.3429999999953,1.5839374999997062,23,16,4,3,12,16,23,16,0,0,16,0,0,
BOOST_15,2026-03-12,25,29.812999999980093,1.1925199999992038,41,25,4,12,22,25,41,25,0,0,25,0,0,
BOOST_15,2026-03-17,8,11.296000000007552,1.412000000000944,17,8,3,5,7,8,17,8,0,0,8,0,0,
BOOST_15,2026-03-18,19,28.997000000002117,1.5261578947369536,42,19,9,12,16,19,42,19,0,0,19,0,0,
BOOST_15,2026-03-30,20,30.095999999984087,1.5047999999992043,27,20,2,3,16,20,27,20,0,0,20,0,0,
BOOST_15,2026-04-01,18,50.7369999999828,2.8187222222212664,30,18,3,9,14,18,30,18,0,0,18,0,0,
BOOST_15,2026-04-08,19,-18.188000000008287,-0.957263157895173,33,19,4,9,19,19,33,19,0,0,19,0,0,
BOOST_15,2026-04-14,13,10.074000000004162,0.774923076923397,31,13,5,11,12,13,31,13,0,0,13,0,0,
BOOST_15,2026-04-29,12,37.974000000011074,3.1645000000009227,35,12,5,15,10,12,35,12,0,0,12,0,0,
BOOST_15,2026-05-07,16,95.90900000000511,5.994312500000319,26,16,6,2,11,16,26,16,0,0,16,0,0,
BOOST_15,2026-05-29,16,112.8870000000179,7.055437500001119,37,16,7,11,11,16,37,16,0,0,16,0,0,
BOOST_15,2026-06-01,13,-0.5159999999978028,-0.039692307692138676,32,13,8,10,12,13,32,13,0,0,13,0,0,
BOOST_15,2026-06-11,14,131.87700000000586,9.419785714286133,23,14,5,3,9,14,23,14,0,0,14,0,0,
BOOST_15,2026-06-30,11,-6.372999999999138,-0.579363636363558,27,11,6,9,11,11,27,11,0,0,11,0,0,
BOOST_15,2026-07-02,6,-5.9099999999998545,-0.9849999999999758,27,6,11,7,6,6,27,6,0,0,6,0,0,
BOOST_15,2026-07-03,6,12.109999999994216,2.0183333333323694,23,6,7,8,5,6,23,6,0,0,6,0,0,
BOOST_15,2026-07-06,5,5.289999999997235,1.057999999999447,24,5,13,6,4,5,24,5,0,0,5,0,0,
BOOST_15,2026-07-13,21,74.0199999999877,3.524761904761319,34,21,4,8,17,21,34,21,0,0,21,0,0,
BOS_ALIGN_OFF,2024-01-02,2,1.2500000000004547,0.6250000000002274,11,2,4,5,1,2,11,2,0,0,2,0,0,
BOS_ALIGN_OFF,2024-01-22,0,0.0,0.0,14,0,10,4,0,0,14,0,0,0,0,0,0,
BOS_ALIGN_OFF,2024-01-23,0,0.0,0.0,8,0,3,5,0,0,8,0,0,0,0,0,0,
BOS_ALIGN_OFF,2024-01-24,2,-0.6070000000001983,-0.30350000000009913,17,2,9,6,2,2,17,2,0,0,2,0,0,
BOS_ALIGN_OFF,2024-02-05,1,6.180000000000064,6.180000000000064,24,1,12,11,0,1,24,1,0,0,1,0,0,
BOS_ALIGN_OFF,2024-02-06,5,5.680000000003248,1.1360000000006496,10,5,4,1,4,5,10,5,0,0,5,0,0,
BOS_ALIGN_OFF,2024-02-14,3,-0.459999999999809,-0.15333333333326968,11,3,4,4,3,3,11,3,0,0,3,0,0,
BOS_ALIGN_OFF,2024-02-20,2,-0.6769999999999072,-0.3384999999999536,13,2,8,3,2,2,13,2,0,0,2,0,0,
BOS_ALIGN_OFF,2024-03-05,5,7.166000000000622,1.4332000000001244,18,5,4,9,4,5,18,5,0,0,5,0,0,
BOS_ALIGN_OFF,2024-03-08,4,-2.2100000000000364,-0.5525000000000091,23,4,11,7,4,4,23,4,0,0,4,0,0,
BOS_ALIGN_OFF,2024-04-04,3,7.880000000000109,2.626666666666703,11,3,1,7,1,3,11,3,0,0,3,0,0,
BOS_ALIGN_OFF,2024-04-26,4,-2.0299999999997453,-0.5074999999999363,19,4,9,6,4,4,19,4,0,0,4,0,0,
BOS_ALIGN_OFF,2024-04-29,6,10.6970000000033,1.7828333333338833,18,6,6,6,4,6,18,6,0,0,6,0,0,
BOS_ALIGN_OFF,2024-05-02,6,2.593000000000302,0.432166666666717,29,6,11,12,4,6,29,6,0,0,6,0,0,
BOS_ALIGN_OFF,2024-05-06,5,-2.687000000000353,-0.5374000000000706,21,5,6,10,5,5,21,5,0,0,5,0,0,
BOS_ALIGN_OFF,2024-05-09,3,7.165999999997894,2.3886666666659644,31,3,18,10,2,3,31,3,0,0,3,0,0,
BOS_ALIGN_OFF,2024-05-15,6,4.84900000000016,0.8081666666666933,16,6,4,6,5,6,16,6,0,0,6,0,0,
BOS_ALIGN_OFF,2024-05-22,5,25.769999999990887,5.153999999998177,27,5,12,9,3,5,27,5,0,0,5,0,0,
BOS_ALIGN_OFF,2024-05-31,10,21.7070000000067,2.17070000000067,21,10,4,7,7,10,21,10,0,0,10,0,0,
BOS_ALIGN_OFF,2024-06-05,11,37.749999999999545,3.4318181818181404,16,11,3,2,7,11,16,11,0,0,11,0,0,
BOS_ALIGN_OFF,2024-06-07,8,9.007000000008702,1.1258750000010878,42,8,16,17,6,8,42,8,0,0,8,0,0,
BOS_ALIGN_OFF,2024-06-12,4,12.090000000001055,3.0225000000002638,26,4,12,9,3,4,26,4,0,0,4,0,0,
BOS_ALIGN_OFF,2024-06-13,6,-2.244000000000142,-0.37400000000002365,18,6,8,3,5,6,18,6,0,0,6,0,0,
BOS_ALIGN_OFF,2024-06-14,2,10.386999999999716,5.193499999999858,25,2,12,11,1,2,25,2,0,0,2,0,0,
BOS_ALIGN_OFF,2024-06-19,0,0.0,0.0,5,0,3,2,0,0,5,0,0,0,0,0,0,
BOS_ALIGN_OFF,2024-07-04,2,-0.8499999999994543,-0.42499999999972715,11,2,5,3,2,2,11,2,0,0,2,0,0,
BOS_ALIGN_OFF,2024-07-08,4,12.265999999996438,3.0664999999991096,30,4,12,13,3,4,30,4,0,0,4,0,0,
BOS_ALIGN_OFF,2024-07-12,9,9.9050000000002,1.1005555555555777,24,9,7,8,6,9,24,9,0,0,9,0,0,
BOS_ALIGN_OFF,2024-07-17,8,-1.0509999999994761,-0.13137499999993452,20,8,4,8,6,8,20,8,0,0,8,0,0,
BOS_ALIGN_OFF,2024-07-22,2,-0.819999999999709,-0.4099999999998545,20,2,9,8,2,2,20,2,0,0,2,0,0,
BOS_ALIGN_OFF,2024-07-30,2,-0.6700000000000728,-0.3350000000000364,19,2,8,9,2,2,19,2,0,0,2,0,0,
BOS_ALIGN_OFF,2024-08-01,4,-1.7630000000003747,-0.4407500000000937,17,4,6,7,3,4,17,4,0,0,4,0,0,
BOS_ALIGN_OFF,2024-08-05,14,12.232999999992899,0.873785714285207,43,14,14,14,12,14,43,14,0,0,14,0,0,
BOS_ALIGN_OFF,2024-08-21,7,-3.443000000000211,-0.491857142857173,15,7,3,5,7,7,15,7,0,0,7,0,0,
BOS_ALIGN_OFF,2024-08-28,3,-1.0729999999998654,-0.3576666666666218,20,3,9,7,3,3,20,3,0,0,3,0,0,
BOS_ALIGN_OFF,2024-09-24,4,-2.4430000000006658,-0.6107500000001664,23,4,8,10,4,4,23,4,0,0,4,0,0,
BOS_ALIGN_OFF,2024-09-30,4,1.383999999999105,0.34599999999977626,34,4,14,16,3,4,34,4,0,0,4,0,0,
BOS_ALIGN_OFF,2024-10-01,5,23.490999999992255,4.698199999998451,24,5,10,9,3,5,24,5,0,0,5,0,0,
BOS_ALIGN_OFF,2024-10-04,6,8.629000000002634,1.4381666666671056,20,6,6,7,5,6,20,6,0,0,6,0,0,
BOS_ALIGN_OFF,2024-10-10,3,0.03999999999996362,0.013333333333321207,14,3,5,5,3,3,14,3,0,0,3,0,0,
BOS_ALIGN_OFF,2024-10-15,8,13.754000000013093,1.7192500000016366,22,8,6,7,5,8,22,8,0,0,8,0,0,
BOS_ALIGN_OFF,2024-10-18,9,-3.8400000000001455,-0.42666666666668285,25,9,11,5,9,9,25,9,0,0,9,0,0,
BOS_ALIGN_OFF,2024-10-22,4,11.067000000004555,2.7667500000011387,22,4,13,4,3,4,22,4,0,0,4,0,0,
BOS_ALIGN_OFF,2024-11-13,6,-1.5569999999993342,-0.25949999999988904,18,6,4,7,6,6,18,6,0,0,6,0,0,
BOS_ALIGN_OFF,2024-11-28,7,20.379000000003998,2.9112857142862856,29,7,15,6,4,7,29,7,0,0,7,0,0,
BOS_ALIGN_OFF,2024-12-02,4,-1.5399999999999636,-0.3849999999999909,26,4,13,9,4,4,26,4,0,0,4,0,0,
BOS_ALIGN_OFF,2025-01-03,5,5.410000000003947,1.0820000000007894,22,5,10,7,4,5,22,5,0,0,5,0,0,
BOS_ALIGN_OFF,2025-01-08,5,5.629000000001725,1.125800000000345,12,5,3,4,4,5,12,5,0,0,5,0,0,
BOS_ALIGN_OFF,2025-01-15,10,32.91100000001188,3.291100000001188,20,7,3,10,7,10,21,10,0,0,7,3,0,
BOS_ALIGN_OFF,2025-01-22,5,2.41399999999976,0.482799999999952,17,5,6,6,4,5,17,5,0,0,5,0,0,
BOS_ALIGN_OFF,2025-01-29,4,3.0200000000004366,0.7550000000001091,18,4,10,4,3,4,18,4,0,0,4,0,0,
BOS_ALIGN_OFF,2025-01-31,4,8.29300000000103,2.0732500000002574,20,4,11,4,3,4,20,4,0,0,4,0,0,
BOS_ALIGN_OFF,2025-02-21,2,-0.8700000000003456,-0.4350000000001728,15,2,6,6,2,2,15,2,0,0,2,0,0,
BOS_ALIGN_OFF,2025-03-11,5,7.497000000000753,1.4994000000001506,17,5,6,6,4,5,17,5,0,0,5,0,0,
BOS_ALIGN_OFF,2025-03-19,5,1.1330000000007203,0.22660000000014408,19,5,9,4,4,5,19,5,0,0,5,0,0,
BOS_ALIGN_OFF,2025-03-26,1,-0.18999999999959982,-0.18999999999959982,18,1,10,6,1,1,18,1,0,0,1,0,0,
BOS_ALIGN_OFF,2025-03-31,7,-3.604000000000269,-0.5148571428571813,23,7,10,5,6,7,23,7,0,0,7,0,0,
BOS_ALIGN_OFF,2025-04-10,14,47.06200000000945,3.3615714285721032,32,14,7,11,11,14,32,14,0,0,14,0,0,
BOS_ALIGN_OFF,2025-05-09,9,-4.759999999998854,-0.5288888888887615,28,9,7,12,9,9,28,9,0,0,9,0,0,
BOS_ALIGN_OFF,2025-05-13,13,39.50999999999339,3.0392307692302607,21,13,2,5,10,13,21,13,0,0,13,0,0,
BOS_ALIGN_OFF,2025-05-30,11,37.13300000000663,3.3757272727278758,22,11,4,7,8,11,22,11,0,0,11,0,0,
BOS_ALIGN_OFF,2025-06-18,10,38.35300000000052,3.835300000000052,20,10,5,4,8,10,20,10,0,0,10,0,0,
BOS_ALIGN_OFF,2025-06-30,7,-5.083000000000084,-0.7261428571428691,29,7,8,14,7,7,29,7,0,0,7,0,0,
BOS_ALIGN_OFF,2025-07-08,11,4.396000000002459,0.3996363636365872,26,11,7,7,9,11,26,11,0,0,11,0,0,
BOS_ALIGN_OFF,2025-07-11,4,-1.6860000000001492,-0.4215000000000373,22,4,8,8,4,4,22,4,0,0,4,0,0,
BOS_ALIGN_OFF,2025-07-31,8,-3.87099999999964,-0.483874999999955,22,8,9,5,8,8,22,8,0,0,8,0,0,
BOS_ALIGN_OFF,2025-08-11,9,30.245999999996457,3.360666666666273,24,9,8,7,7,9,24,9,0,0,9,0,0,
BOS_ALIGN_OFF,2025-09-22,7,-3.2099999999995816,-0.4585714285713688,30,7,8,14,7,7,30,7,0,0,7,0,0,
BOS_ALIGN_OFF,2025-10-16,25,109.44499999999152,4.377799999999661,41,25,4,10,20,25,41,25,0,0,25,0,0,
BOS_ALIGN_OFF,2025-10-20,14,60.310999999999694,4.307928571428549,36,14,10,12,10,14,36,14,0,0,14,0,0,
BOS_ALIGN_OFF,2025-10-28,18,55.719999999999345,3.095555555555519,35,18,10,6,15,18,35,18,0,0,18,0,0,
BOS_ALIGN_OFF,2025-11-06,9,15.200000000000728,1.6888888888889697,24,9,7,8,7,9,24,9,0,0,9,0,0,
BOS_ALIGN_OFF,2025-11-11,6,1.8299999999981083,0.3049999999996847,27,6,9,11,5,6,27,6,0,0,6,0,0,
BOS_ALIGN_OFF,2025-11-13,13,27.612999999994827,2.124076923076525,26,13,7,5,11,13,26,13,0,0,13,0,0,
BOS_ALIGN_OFF,2025-12-26,12,-9.830000000004475,-0.8191666666670395,25,12,7,6,12,12,25,12,0,0,12,0,0,
BOS_ALIGN_OFF,2026-01-07,8,27.17699999999786,3.3971249999997326,24,8,9,7,7,8,24,8,0,0,8,0,0,
BOS_ALIGN_OFF,2026-01-08,13,52.66699999998491,4.051307692306532,27,13,4,10,11,13,27,13,0,0,13,0,0,
BOS_ALIGN_OFF,2026-01-16,9,-7.4430000000047585,-0.8270000000005288,14,9,0,3,9,9,14,9,0,0,9,0,0,
BOS_ALIGN_OFF,2026-01-22,24,51.32600000000639,2.1385833333335995,47,24,6,16,21,24,47,24,0,0,24,0,0,
BOS_ALIGN_OFF,2026-01-26,10,19.01000000000749,1.901000000000749,15,10,1,4,7,10,15,10,0,0,10,0,0,
BOS_ALIGN_OFF,2026-02-02,24,426.2810000000063,17.761708333333598,35,24,2,7,19,24,35,24,0,0,24,0,0,
BOS_ALIGN_OFF,2026-02-18,11,93.28699999997662,8.480636363634238,36,11,7,15,8,11,36,11,0,0,11,0,0,
BOS_ALIGN_OFF,2026-02-19,16,25.3429999999953,1.5839374999997062,23,16,4,3,12,16,23,16,0,0,16,0,0,
BOS_ALIGN_OFF,2026-03-12,25,29.812999999980093,1.1925199999992038,41,25,4,12,22,25,41,25,0,0,25,0,0,
BOS_ALIGN_OFF,2026-03-17,8,11.296000000007552,1.412000000000944,17,8,3,5,7,8,17,8,0,0,8,0,0,
BOS_ALIGN_OFF,2026-03-18,19,28.997000000002117,1.5261578947369536,42,19,9,12,16,19,42,19,0,0,19,0,0,
BOS_ALIGN_OFF,2026-03-30,20,30.095999999984087,1.5047999999992043,27,20,2,3,16,20,27,20,0,0,20,0,0,
BOS_ALIGN_OFF,2026-04-01,18,50.7369999999828,2.8187222222212664,30,18,3,9,14,18,30,18,0,0,18,0,0,
BOS_ALIGN_OFF,2026-04-08,19,-18.188000000008287,-0.957263157895173,33,19,4,9,19,19,33,19,0,0,19,0,0,
BOS_ALIGN_OFF,2026-04-14,13,10.074000000004162,0.774923076923397,31,13,5,11,12,13,31,13,0,0,13,0,0,
BOS_ALIGN_OFF,2026-04-29,12,37.974000000011074,3.1645000000009227,35,12,5,15,10,12,35,12,0,0,12,0,0,
BOS_ALIGN_OFF,2026-05-07,16,95.90900000000511,5.994312500000319,26,16,6,2,11,16,26,16,0,0,16,0,0,
BOS_ALIGN_OFF,2026-05-29,16,112.8870000000179,7.055437500001119,37,16,7,11,11,16,37,16,0,0,16,0,0,
BOS_ALIGN_OFF,2026-06-01,13,-0.5159999999978028,-0.039692307692138676,32,13,8,10,12,13,32,13,0,0,13,0,0,
BOS_ALIGN_OFF,2026-06-11,14,131.87700000000586,9.419785714286133,23,14,5,3,9,14,23,14,0,0,14,0,0,
BOS_ALIGN_OFF,2026-06-30,11,-6.372999999999138,-0.579363636363558,27,11,6,9,11,11,27,11,0,0,11,0,0,
BOS_ALIGN_OFF,2026-07-02,6,-5.9099999999998545,-0.9849999999999758,27,6,11,7,6,6,27,6,0,0,6,0,0,
BOS_ALIGN_OFF,2026-07-03,6,12.109999999994216,2.0183333333323694,23,6,7,8,5,6,23,6,0,0,6,0,0,
BOS_ALIGN_OFF,2026-07-06,5,5.289999999997235,1.057999999999447,24,5,13,6,4,5,24,5,0,0,5,0,0,
BOS_ALIGN_OFF,2026-07-13,21,74.0199999999877,3.524761904761319,34,21,4,8,17,21,34,21,0,0,21,0,0,
FVG_INV_STRUCT_ON,2024-01-02,2,1.2500000000004547,0.6250000000002274,11,2,4,5,1,2,11,2,0,0,2,0,0,
FVG_INV_STRUCT_ON,2024-01-22,0,0.0,0.0,14,0,10,4,0,0,14,0,0,0,0,0,0,
FVG_INV_STRUCT_ON,2024-01-23,0,0.0,0.0,8,0,3,5,0,0,8,0,0,0,0,0,0,
FVG_INV_STRUCT_ON,2024-01-24,2,-0.6070000000001983,-0.30350000000009913,17,2,9,6,2,2,17,2,0,0,2,0,0,
FVG_INV_STRUCT_ON,2024-02-05,1,6.180000000000064,6.180000000000064,24,1,12,11,0,1,24,1,0,0,1,0,0,
FVG_INV_STRUCT_ON,2024-02-06,5,5.680000000003248,1.1360000000006496,10,5,4,1,4,5,10,5,0,0,5,0,0,
FVG_INV_STRUCT_ON,2024-02-14,3,-0.459999999999809,-0.15333333333326968,11,3,4,4,3,3,11,3,0,0,3,0,0,
FVG_INV_STRUCT_ON,2024-02-20,2,-0.6769999999999072,-0.3384999999999536,13,2,8,3,2,2,13,2,0,0,2,0,0,
FVG_INV_STRUCT_ON,2024-03-05,5,7.166000000000622,1.4332000000001244,17,5,3,9,4,5,17,5,0,0,5,0,0,
FVG_INV_STRUCT_ON,2024-03-08,4,-2.2100000000000364,-0.5525000000000091,23,4,11,7,4,4,23,4,0,0,4,0,0,
FVG_INV_STRUCT_ON,2024-04-04,3,7.880000000000109,2.626666666666703,11,3,1,7,1,3,11,3,0,0,3,0,0,
FVG_INV_STRUCT_ON,2024-04-26,4,-2.0299999999997453,-0.5074999999999363,19,4,9,6,4,4,19,4,0,0,4,0,0,
FVG_INV_STRUCT_ON,2024-04-29,6,10.6970000000033,1.7828333333338833,18,6,6,6,4,6,18,6,0,0,6,0,0,
FVG_INV_STRUCT_ON,2024-05-02,6,2.593000000000302,0.432166666666717,29,6,11,12,4,6,29,6,0,0,6,0,0,
FVG_INV_STRUCT_ON,2024-05-06,5,-2.687000000000353,-0.5374000000000706,21,5,6,10,5,5,21,5,0,0,5,0,0,
FVG_INV_STRUCT_ON,2024-05-09,3,7.165999999997894,2.3886666666659644,31,3,18,10,2,3,31,3,0,0,3,0,0,
FVG_INV_STRUCT_ON,2024-05-15,6,4.84900000000016,0.8081666666666933,16,6,4,6,5,6,16,6,0,0,6,0,0,
FVG_INV_STRUCT_ON,2024-05-22,5,25.769999999990887,5.153999999998177,27,5,12,9,3,5,27,5,0,0,5,0,0,
FVG_INV_STRUCT_ON,2024-05-31,10,21.7070000000067,2.17070000000067,20,10,3,7,7,10,20,10,0,0,10,0,0,
FVG_INV_STRUCT_ON,2024-06-05,11,37.749999999999545,3.4318181818181404,16,11,3,2,7,11,16,11,0,0,11,0,0,
FVG_INV_STRUCT_ON,2024-06-07,8,9.007000000008702,1.1258750000010878,41,8,15,17,6,8,41,8,0,0,8,0,0,
FVG_INV_STRUCT_ON,2024-06-12,4,12.090000000001055,3.0225000000002638,26,4,12,9,3,4,26,4,0,0,4,0,0,
FVG_INV_STRUCT_ON,2024-06-13,6,-2.244000000000142,-0.37400000000002365,18,6,8,3,5,6,18,6,0,0,6,0,0,
FVG_INV_STRUCT_ON,2024-06-14,2,10.386999999999716,5.193499999999858,25,2,12,11,1,2,25,2,0,0,2,0,0,
FVG_INV_STRUCT_ON,2024-06-19,0,0.0,0.0,5,0,3,2,0,0,5,0,0,0,0,0,0,
FVG_INV_STRUCT_ON,2024-07-04,2,-0.8499999999994543,-0.42499999999972715,11,2,5,3,2,2,11,2,0,0,2,0,0,
FVG_INV_STRUCT_ON,2024-07-08,4,12.265999999996438,3.0664999999991096,30,4,12,13,3,4,30,4,0,0,4,0,0,
FVG_INV_STRUCT_ON,2024-07-12,9,9.9050000000002,1.1005555555555777,24,9,7,8,6,9,24,9,0,0,9,0,0,
FVG_INV_STRUCT_ON,2024-07-17,8,-1.0509999999994761,-0.13137499999993452,20,8,4,8,6,8,20,8,0,0,8,0,0,
FVG_INV_STRUCT_ON,2024-07-22,2,-0.819999999999709,-0.4099999999998545,19,2,8,8,2,2,19,2,0,0,2,0,0,
FVG_INV_STRUCT_ON,2024-07-30,2,-0.6700000000000728,-0.3350000000000364,19,2,8,9,2,2,19,2,0,0,2,0,0,
FVG_INV_STRUCT_ON,2024-08-01,4,-1.7630000000003747,-0.4407500000000937,16,4,5,7,3,4,16,4,0,0,4,0,0,
FVG_INV_STRUCT_ON,2024-08-05,14,12.232999999992899,0.873785714285207,43,14,14,14,12,14,43,14,0,0,14,0,0,
FVG_INV_STRUCT_ON,2024-08-21,7,-3.443000000000211,-0.491857142857173,15,7,3,5,7,7,15,7,0,0,7,0,0,
FVG_INV_STRUCT_ON,2024-08-28,3,-1.0729999999998654,-0.3576666666666218,20,3,9,7,3,3,20,3,0,0,3,0,0,
FVG_INV_STRUCT_ON,2024-09-24,4,-2.4430000000006658,-0.6107500000001664,23,4,8,10,4,4,23,4,0,0,4,0,0,
FVG_INV_STRUCT_ON,2024-09-30,4,1.383999999999105,0.34599999999977626,33,4,13,16,3,4,33,4,0,0,4,0,0,
FVG_INV_STRUCT_ON,2024-10-01,5,23.490999999992255,4.698199999998451,24,5,10,9,3,5,24,5,0,0,5,0,0,
FVG_INV_STRUCT_ON,2024-10-04,6,8.629000000002634,1.4381666666671056,20,6,6,7,5,6,20,6,0,0,6,0,0,
FVG_INV_STRUCT_ON,2024-10-10,3,0.03999999999996362,0.013333333333321207,14,3,5,5,3,3,14,3,0,0,3,0,0,
FVG_INV_STRUCT_ON,2024-10-15,8,13.754000000013093,1.7192500000016366,22,8,6,7,5,8,22,8,0,0,8,0,0,
FVG_INV_STRUCT_ON,2024-10-18,9,-3.8400000000001455,-0.42666666666668285,25,9,11,5,9,9,25,9,0,0,9,0,0,
FVG_INV_STRUCT_ON,2024-10-22,4,11.067000000004555,2.7667500000011387,21,4,12,4,3,4,21,4,0,0,4,0,0,
FVG_INV_STRUCT_ON,2024-11-13,6,-1.5569999999993342,-0.25949999999988904,18,6,4,7,6,6,18,6,0,0,6,0,0,
FVG_INV_STRUCT_ON,2024-11-28,7,20.379000000003998,2.9112857142862856,29,7,15,6,4,7,29,7,0,0,7,0,0,
FVG_INV_STRUCT_ON,2024-12-02,4,-1.5399999999999636,-0.3849999999999909,26,4,13,9,4,4,26,4,0,0,4,0,0,
FVG_INV_STRUCT_ON,2025-01-03,5,5.410000000003947,1.0820000000007894,22,5,10,7,4,5,22,5,0,0,5,0,0,
FVG_INV_STRUCT_ON,2025-01-08,5,5.629000000001725,1.125800000000345,12,5,3,4,4,5,12,5,0,0,5,0,0,
FVG_INV_STRUCT_ON,2025-01-15,10,33.94340765578151,3.3943407655781512,20,7,3,10,4,7,21,10,3,3,7,0,0,
FVG_INV_STRUCT_ON,2025-01-22,5,2.41399999999976,0.482799999999952,17,5,6,6,4,5,17,5,0,0,5,0,0,
FVG_INV_STRUCT_ON,2025-01-29,4,3.0200000000004366,0.7550000000001091,18,4,10,4,3,4,18,4,0,0,4,0,0,
FVG_INV_STRUCT_ON,2025-01-31,4,8.29300000000103,2.0732500000002574,19,4,10,4,3,4,19,4,0,0,4,0,0,
FVG_INV_STRUCT_ON,2025-02-21,2,-0.8700000000003456,-0.4350000000001728,14,2,5,6,2,2,14,2,0,0,2,0,0,
FVG_INV_STRUCT_ON,2025-03-11,5,7.497000000000753,1.4994000000001506,17,5,6,6,4,5,17,5,0,0,5,0,0,
FVG_INV_STRUCT_ON,2025-03-19,5,1.1330000000007203,0.22660000000014408,19,5,9,4,4,5,19,5,0,0,5,0,0,
FVG_INV_STRUCT_ON,2025-03-26,1,-0.18999999999959982,-0.18999999999959982,18,1,10,6,1,1,18,1,0,0,1,0,0,
FVG_INV_STRUCT_ON,2025-03-31,7,-3.604000000000269,-0.5148571428571813,23,7,10,5,6,7,23,7,0,0,7,0,0,
FVG_INV_STRUCT_ON,2025-04-10,13,47.16200000000936,3.627846153846874,31,13,7,11,10,13,31,13,0,0,13,0,0,
FVG_INV_STRUCT_ON,2025-05-09,9,-4.759999999998854,-0.5288888888887615,27,9,7,11,9,9,27,9,0,0,9,0,0,
FVG_INV_STRUCT_ON,2025-05-13,13,39.50999999999339,3.0392307692302607,21,13,2,5,10,13,21,13,0,0,13,0,0,
FVG_INV_STRUCT_ON,2025-05-30,11,37.13300000000663,3.3757272727278758,22,11,4,7,8,11,22,11,0,0,11,0,0,
FVG_INV_STRUCT_ON,2025-06-18,10,38.35300000000052,3.835300000000052,20,10,5,4,8,10,20,10,0,0,10,0,0,
FVG_INV_STRUCT_ON,2025-06-30,7,-5.083000000000084,-0.7261428571428691,29,7,8,14,7,7,29,7,0,0,7,0,0,
FVG_INV_STRUCT_ON,2025-07-08,9,5.442000000002281,0.6046666666669201,24,9,7,7,7,9,24,9,0,0,9,0,0,
FVG_INV_STRUCT_ON,2025-07-11,4,-1.6860000000001492,-0.4215000000000373,22,4,8,8,4,4,22,4,0,0,4,0,0,
FVG_INV_STRUCT_ON,2025-07-31,8,-3.87099999999964,-0.483874999999955,21,8,8,5,8,8,21,8,0,0,8,0,0,
FVG_INV_STRUCT_ON,2025-08-11,9,30.245999999996457,3.360666666666273,24,9,8,7,7,9,24,9,0,0,9,0,0,
FVG_INV_STRUCT_ON,2025-09-22,7,-3.2099999999995816,-0.4585714285713688,30,7,8,14,7,7,30,7,0,0,7,0,0,
FVG_INV_STRUCT_ON,2025-10-16,25,109.44499999999152,4.377799999999661,41,25,4,10,20,25,41,25,0,0,25,0,0,
FVG_INV_STRUCT_ON,2025-10-20,14,60.310999999999694,4.307928571428549,36,14,10,12,10,14,36,14,0,0,14,0,0,
FVG_INV_STRUCT_ON,2025-10-28,18,55.719999999999345,3.095555555555519,35,18,10,6,15,18,35,18,0,0,18,0,0,
FVG_INV_STRUCT_ON,2025-11-06,9,15.200000000000728,1.6888888888889697,24,9,7,8,7,9,24,9,0,0,9,0,0,
FVG_INV_STRUCT_ON,2025-11-11,6,1.8299999999981083,0.3049999999996847,27,6,9,11,5,6,27,6,0,0,6,0,0,
FVG_INV_STRUCT_ON,2025-11-13,13,27.612999999994827,2.124076923076525,26,13,7,5,11,13,26,13,0,0,13,0,0,
FVG_INV_STRUCT_ON,2025-12-26,12,-9.830000000004475,-0.8191666666670395,25,12,7,6,12,12,25,12,0,0,12,0,0,
FVG_INV_STRUCT_ON,2026-01-07,8,27.17699999999786,3.3971249999997326,24,8,9,7,7,8,24,8,0,0,8,0,0,
FVG_INV_STRUCT_ON,2026-01-08,13,52.66699999998491,4.051307692306532,27,13,4,10,11,13,27,13,0,0,13,0,0,
FVG_INV_STRUCT_ON,2026-01-16,9,-7.4430000000047585,-0.8270000000005288,14,9,0,3,9,9,14,9,0,0,9,0,0,
FVG_INV_STRUCT_ON,2026-01-22,24,51.32600000000639,2.1385833333335995,47,24,6,16,21,24,47,24,0,0,24,0,0,
FVG_INV_STRUCT_ON,2026-01-26,10,19.01000000000749,1.901000000000749,15,10,1,4,7,10,15,10,0,0,10,0,0,
FVG_INV_STRUCT_ON,2026-02-02,24,426.2810000000063,17.761708333333598,35,24,2,7,19,24,35,24,0,0,24,0,0,
FVG_INV_STRUCT_ON,2026-02-18,11,93.28699999997662,8.480636363634238,36,11,7,15,8,11,36,11,0,0,11,0,0,
FVG_INV_STRUCT_ON,2026-02-19,16,25.3429999999953,1.5839374999997062,23,16,4,3,12,16,23,16,0,0,16,0,0,
FVG_INV_STRUCT_ON,2026-03-12,25,29.812999999980093,1.1925199999992038,39,25,4,10,22,25,39,25,0,0,25,0,0,
FVG_INV_STRUCT_ON,2026-03-17,8,11.296000000007552,1.412000000000944,17,8,3,5,7,8,17,8,0,0,8,0,0,
FVG_INV_STRUCT_ON,2026-03-18,19,28.997000000002117,1.5261578947369536,42,19,9,12,16,19,42,19,0,0,19,0,0,
FVG_INV_STRUCT_ON,2026-03-30,19,30.625999999984742,1.6118947368413021,26,19,2,3,15,19,26,19,0,0,19,0,0,
FVG_INV_STRUCT_ON,2026-04-01,18,50.7369999999828,2.8187222222212664,30,18,3,9,14,18,30,18,0,0,18,0,0,
FVG_INV_STRUCT_ON,2026-04-08,19,-18.188000000008287,-0.957263157895173,33,19,4,9,19,19,33,19,0,0,19,0,0,
FVG_INV_STRUCT_ON,2026-04-14,13,10.074000000004162,0.774923076923397,31,13,5,11,12,13,31,13,0,0,13,0,0,
FVG_INV_STRUCT_ON,2026-04-29,12,37.974000000011074,3.1645000000009227,35,12,5,15,10,12,35,12,0,0,12,0,0,
FVG_INV_STRUCT_ON,2026-05-07,15,96.23900000000594,6.415933333333729,25,15,6,2,10,15,25,15,0,0,15,0,0,
FVG_INV_STRUCT_ON,2026-05-29,16,112.8870000000179,7.055437500001119,37,16,7,11,11,16,37,16,0,0,16,0,0,
FVG_INV_STRUCT_ON,2026-06-01,13,-0.5159999999978028,-0.039692307692138676,32,13,8,10,12,13,32,13,0,0,13,0,0,
FVG_INV_STRUCT_ON,2026-06-11,14,131.87700000000586,9.419785714286133,23,14,5,3,9,14,23,14,0,0,14,0,0,
FVG_INV_STRUCT_ON,2026-06-30,11,-6.372999999999138,-0.579363636363558,27,11,6,9,11,11,27,11,0,0,11,0,0,
FVG_INV_STRUCT_ON,2026-07-02,5,-4.2800000000002,-0.8560000000000401,26,5,11,7,5,5,26,5,0,0,5,0,0,
FVG_INV_STRUCT_ON,2026-07-03,5,-2.410000000002583,-0.48200000000051657,22,5,7,8,5,5,22,5,0,0,5,0,0,
FVG_INV_STRUCT_ON,2026-07-06,5,5.289999999997235,1.057999999999447,24,5,13,6,4,5,24,5,0,0,5,0,0,
FVG_INV_STRUCT_ON,2026-07-13,20,75.0199999999877,3.7509999999993853,33,20,4,8,16,20,33,20,0,0,20,0,0,
FVG_INV_STRUCT_1800,2024-01-02,2,1.2500000000004547,0.6250000000002274,11,2,4,5,1,2,11,2,0,0,2,0,0,
FVG_INV_STRUCT_1800,2024-01-22,0,0.0,0.0,11,0,8,3,0,0,11,0,0,0,0,0,0,
FVG_INV_STRUCT_1800,2024-01-23,0,0.0,0.0,7,0,2,5,0,0,7,0,0,0,0,0,0,
FVG_INV_STRUCT_1800,2024-01-24,1,-0.3100000000001728,-0.3100000000001728,9,1,4,4,1,1,9,1,0,0,1,0,0,
FVG_INV_STRUCT_1800,2024-02-05,1,6.180000000000064,6.180000000000064,20,1,11,8,0,1,20,1,0,0,1,0,0,
FVG_INV_STRUCT_1800,2024-02-06,3,6.490000000003193,2.1633333333343976,8,3,4,1,2,3,8,3,0,0,3,0,0,
FVG_INV_STRUCT_1800,2024-02-14,3,-0.459999999999809,-0.15333333333326968,11,3,4,4,3,3,11,3,0,0,3,0,0,
FVG_INV_STRUCT_1800,2024-02-20,2,-0.6769999999999072,-0.3384999999999536,11,2,7,2,2,2,11,2,0,0,2,0,0,
FVG_INV_STRUCT_1800,2024-03-05,4,7.473000000000411,1.8682500000001028,15,4,3,8,3,4,15,4,0,0,4,0,0,
FVG_INV_STRUCT_1800,2024-03-08,3,-1.7300000000000182,-0.5766666666666728,20,3,9,7,3,3,20,3,0,0,3,0,0,
FVG_INV_STRUCT_1800,2024-04-04,3,7.880000000000109,2.626666666666703,10,3,1,6,1,3,10,3,0,0,3,0,0,
FVG_INV_STRUCT_1800,2024-04-26,4,-2.0299999999997453,-0.5074999999999363,18,4,9,5,4,4,18,4,0,0,4,0,0,
FVG_INV_STRUCT_1800,2024-04-29,5,11.250000000003638,2.2500000000007274,12,5,2,5,3,5,12,5,0,0,5,0,0,
FVG_INV_STRUCT_1800,2024-05-02,6,2.593000000000302,0.432166666666717,25,6,10,9,4,6,25,6,0,0,6,0,2,
FVG_INV_STRUCT_1800,2024-05-06,4,-1.7670000000002801,-0.44175000000007003,16,4,3,9,4,4,16,4,0,0,4,0,0,
FVG_INV_STRUCT_1800,2024-05-09,3,7.165999999997894,2.3886666666659644,30,3,18,9,2,3,30,3,0,0,3,0,0,
FVG_INV_STRUCT_1800,2024-05-15,6,4.84900000000016,0.8081666666666933,15,6,3,6,5,6,15,6,0,0,6,0,0,
FVG_INV_STRUCT_1800,2024-05-22,4,26.08299999999099,6.520749999997747,22,4,9,8,2,4,22,4,0,0,4,0,0,
FVG_INV_STRUCT_1800,2024-05-31,7,24.327000000006592,3.475285714286656,17,7,3,7,4,7,17,7,0,0,7,0,0,
FVG_INV_STRUCT_1800,2024-06-05,9,38.55999999999949,4.284444444444388,12,9,1,2,5,9,12,9,0,0,9,0,0,
FVG_INV_STRUCT_1800,2024-06-07,6,10.927000000008775,1.8211666666681292,30,6,9,14,4,6,30,6,0,0,6,0,0,
FVG_INV_STRUCT_1800,2024-06-12,3,12.410000000001219,4.136666666667073,21,3,8,9,2,3,21,3,0,0,3,0,0,
FVG_INV_STRUCT_1800,2024-06-13,5,-1.9039999999999964,-0.38079999999999925,15,5,6,3,4,5,15,5,0,0,5,0,0,
FVG_INV_STRUCT_1800,2024-06-14,2,10.386999999999716,5.193499999999858,23,2,12,9,1,2,23,2,0,0,2,0,0,
FVG_INV_STRUCT_1800,2024-06-19,0,0.0,0.0,5,0,3,2,0,0,5,0,0,0,0,0,0,
FVG_INV_STRUCT_1800,2024-07-04,2,-0.8499999999994543,-0.42499999999972715,11,2,5,3,2,2,11,2,0,0,2,0,0,
FVG_INV_STRUCT_1800,2024-07-08,4,12.265999999996438,3.0664999999991096,24,4,10,9,3,4,24,4,0,0,4,0,0,
FVG_INV_STRUCT_1800,2024-07-12,7,10.945000000000618,1.563571428571517,19,7,5,7,4,7,19,7,0,0,7,0,0,
FVG_INV_STRUCT_1800,2024-07-17,2,1.0300000000002,0.5150000000001,12,2,3,7,0,2,12,2,0,0,2,0,0,
FVG_INV_STRUCT_1800,2024-07-22,2,-0.819999999999709,-0.4099999999998545,17,2,7,7,2,2,17,2,0,0,2,0,0,
FVG_INV_STRUCT_1800,2024-07-30,1,-0.32999999999992724,-0.32999999999992724,15,1,7,7,1,1,15,1,0,0,1,0,0,
FVG_INV_STRUCT_1800,2024-08-01,4,-1.7630000000003747,-0.4407500000000937,13,4,4,5,3,4,13,4,0,0,4,0,0,
FVG_INV_STRUCT_1800,2024-08-05,11,14.099999999992633,1.281818181817512,38,11,12,14,9,11,38,11,0,0,11,0,0,
FVG_INV_STRUCT_1800,2024-08-21,5,-2.5659999999998035,-0.5131999999999607,13,5,3,5,5,5,13,5,0,0,5,0,0,
FVG_INV_STRUCT_1800,2024-08-28,3,-1.0729999999998654,-0.3576666666666218,19,3,8,7,3,3,19,3,0,0,3,0,0,
FVG_INV_STRUCT_1800,2024-09-24,3,-1.7540000000003602,-0.5846666666667867,21,3,7,10,3,3,21,3,0,0,3,0,0,
FVG_INV_STRUCT_1800,2024-09-30,3,1.5909999999994398,0.5303333333331466,28,3,10,15,2,3,28,3,0,0,3,0,0,
FVG_INV_STRUCT_1800,2024-10-01,5,23.490999999992255,4.698199999998451,21,5,8,8,3,5,21,5,0,0,5,0,0,
FVG_INV_STRUCT_1800,2024-10-04,6,8.629000000002634,1.4381666666671056,18,6,5,6,5,6,18,6,0,0,6,0,0,
FVG_INV_STRUCT_1800,2024-10-10,2,-0.3329999999996289,-0.16649999999981446,12,2,4,5,2,2,12,2,0,0,2,0,0,
FVG_INV_STRUCT_1800,2024-10-15,7,14.58400000001302,2.0834285714304315,18,7,4,6,4,7,18,7,0,0,7,0,0,
FVG_INV_STRUCT_1800,2024-10-18,6,-2.73700000000008,-0.45616666666668,20,6,10,4,6,6,20,6,0,0,6,0,0,
FVG_INV_STRUCT_1800,2024-10-22,4,11.067000000004555,2.7667500000011387,16,4,9,2,3,4,16,4,0,0,4,0,0,
FVG_INV_STRUCT_1800,2024-11-13,5,-1.0869999999995343,-0.21739999999990686,17,5,4,7,5,5,17,5,0,0,5,0,0,
FVG_INV_STRUCT_1800,2024-11-28,7,20.379000000003998,2.9112857142862856,26,7,13,5,4,7,26,7,0,0,7,0,0,
FVG_INV_STRUCT_1800,2024-12-02,2,-0.6599999999998545,-0.32999999999992724,22,2,12,8,2,2,22,2,0,0,2,0,0,
FVG_INV_STRUCT_1800,2025-01-03,4,5.700000000003911,1.4250000000009777,19,4,10,5,3,4,19,4,0,0,4,0,0,
FVG_INV_STRUCT_1800,2025-01-08,2,7.549000000001798,3.774500000000899,8,2,3,3,1,2,8,2,0,0,2,0,0,
FVG_INV_STRUCT_1800,2025-01-15,9,34.22340765578126,3.802600850642362,17,6,3,8,3,6,18,9,3,3,6,0,0,
FVG_INV_STRUCT_1800,2025-01-22,3,3.036999999999807,1.0123333333332691,14,3,5,6,2,3,14,3,0,0,3,0,0,
FVG_INV_STRUCT_1800,2025-01-29,3,3.3100000000004,1.1033333333334667,14,3,7,4,2,3,14,3,0,0,3,0,0,
FVG_INV_STRUCT_1800,2025-01-31,3,8.983000000001084,2.9943333333336946,16,3,8,4,2,3,16,3,0,0,3,0,0,
FVG_INV_STRUCT_1800,2025-02-21,1,-0.3700000000003456,-0.3700000000003456,11,1,4,5,1,1,11,1,0,0,1,0,0,
FVG_INV_STRUCT_1800,2025-03-11,3,8.873000000000957,2.9576666666669857,12,3,4,5,2,3,12,3,0,0,3,0,0,
FVG_INV_STRUCT_1800,2025-03-19,5,1.1330000000007203,0.22660000000014408,18,5,8,4,4,5,18,5,0,0,5,0,0,
FVG_INV_STRUCT_1800,2025-03-26,1,-0.18999999999959982,-0.18999999999959982,15,1,8,5,1,1,15,1,0,0,1,0,0,
FVG_INV_STRUCT_1800,2025-03-31,5,-2.69399999999996,-0.538799999999992,16,5,8,2,4,5,16,5,0,0,5,0,0,
FVG_INV_STRUCT_1800,2025-04-10,9,49.28200000000925,5.475777777778806,25,9,6,10,6,9,25,9,0,0,9,0,0,
FVG_INV_STRUCT_1800,2025-05-09,7,-3.209999999999127,-0.45857142857130384,23,7,5,11,7,7,23,7,0,0,7,0,0,
FVG_INV_STRUCT_1800,2025-05-13,11,41.53999999999359,3.7763636363630537,19,11,2,5,8,11,19,11,0,0,11,0,0,
FVG_INV_STRUCT_1800,2025-05-30,9,38.2660000000069,4.251777777778544,17,9,2,6,6,9,17,9,0,0,9,0,0,
FVG_INV_STRUCT_1800,2025-06-18,9,39.05300000000079,4.33922222222231,18,9,4,4,7,9,18,9,0,0,9,0,0,
FVG_INV_STRUCT_1800,2025-06-30,6,-4.383000000000266,-0.7305000000000442,24,6,6,12,6,6,24,6,0,0,6,0,0,
FVG_INV_STRUCT_1800,2025-07-08,7,6.042000000001735,0.863142857143105,17,7,4,5,5,7,17,7,0,0,7,0,0,
FVG_INV_STRUCT_1800,2025-07-11,4,-1.6860000000001492,-0.4215000000000373,20,4,7,7,4,4,20,4,0,0,4,0,0,
FVG_INV_STRUCT_1800,2025-07-31,6,-2.8409999999998945,-0.47349999999998243,18,6,7,5,6,6,18,6,0,0,6,0,0,
FVG_INV_STRUCT_1800,2025-08-11,7,31.12199999999666,4.445999999999523,18,7,5,6,5,7,18,7,0,0,7,0,0,
FVG_INV_STRUCT_1800,2025-09-22,6,-2.9229999999997744,-0.48716666666662906,26,6,7,12,6,6,26,6,0,0,6,0,0,
FVG_INV_STRUCT_1800,2025-10-16,22,109.94099999999344,4.997318181817883,36,22,2,10,17,22,36,22,0,0,22,0,0,
FVG_INV_STRUCT_1800,2025-10-20,11,62.02800000000116,5.638909090909196,28,11,7,10,7,11,28,11,0,0,11,0,0,
FVG_INV_STRUCT_1800,2025-10-28,14,51.84299999999985,3.7030714285714175,26,14,6,5,12,14,26,14,0,0,14,0,0,
FVG_INV_STRUCT_1800,2025-11-06,5,18.030000000000655,3.606000000000131,17,5,6,6,3,5,17,5,0,0,5,0,0,
FVG_INV_STRUCT_1800,2025-11-11,4,3.0099999999983993,0.7524999999995998,24,4,8,11,3,4,24,4,0,0,4,0,0,
FVG_INV_STRUCT_1800,2025-11-13,9,29.162999999996828,3.240333333332981,18,9,3,5,7,9,18,9,0,0,9,0,4,
FVG_INV_STRUCT_1800,2025-12-26,10,-8.620000000003529,-0.8620000000003529,22,10,6,6,10,10,22,10,0,0,10,0,0,
FVG_INV_STRUCT_1800,2026-01-07,5,27.959999999999127,5.5919999999998256,17,5,5,7,4,5,17,5,0,0,5,0,0,
FVG_INV_STRUCT_1800,2026-01-08,12,53.076999999985674,4.42308333333214,23,12,2,9,10,12,23,12,0,0,12,0,0,
FVG_INV_STRUCT_1800,2026-01-16,5,-9.827000000002045,-1.9654000000004088,9,5,0,2,5,5,9,5,0,0,5,0,0,
FVG_INV_STRUCT_1800,2026-01-22,21,57.47300000000723,2.7368095238098684,40,21,4,14,18,21,40,21,0,0,21,0,0,
FVG_INV_STRUCT_1800,2026-01-26,7,22.420000000008258,3.202857142858323,11,7,0,4,4,7,11,7,0,0,7,0,0,
FVG_INV_STRUCT_1800,2026-02-02,16,431.02100000000974,26.93881250000061,25,16,1,6,12,16,25,16,0,0,16,0,2,
FVG_INV_STRUCT_1800,2026-02-18,10,93.7169999999769,9.371699999997691,34,10,6,15,7,10,34,10,0,0,10,0,0,
FVG_INV_STRUCT_1800,2026-02-19,14,27.09299999999621,1.9352142857140149,20,14,3,3,10,14,20,14,0,0,14,0,0,
FVG_INV_STRUCT_1800,2026-03-12,22,32.242999999980384,1.4655909090900174,36,22,4,10,19,22,36,22,0,0,22,0,0,
FVG_INV_STRUCT_1800,2026-03-17,7,10.636000000007698,1.5194285714296711,14,7,2,4,6,7,14,7,0,0,7,0,0,
FVG_INV_STRUCT_1800,2026-03-18,14,32.994000000004235,2.356714285714588,35,14,8,11,11,14,35,14,0,0,14,0,0,
FVG_INV_STRUCT_1800,2026-03-30,14,34.478999999987536,2.462785714284824,21,14,2,3,10,14,21,14,0,0,14,0,0,
FVG_INV_STRUCT_1800,2026-04-01,16,53.198999999982334,3.324937499998896,26,16,3,7,12,16,26,16,0,0,16,0,0,
FVG_INV_STRUCT_1800,2026-04-08,17,-14.638000000006286,-0.8610588235297816,31,17,4,9,17,17,31,17,0,0,17,0,0,
FVG_INV_STRUCT_1800,2026-04-14,9,12.120000000005348,1.3466666666672609,24,9,2,11,8,9,24,9,0,0,9,0,0,
FVG_INV_STRUCT_1800,2026-04-29,9,39.85400000001209,4.428222222223566,31,9,4,15,7,9,31,9,0,0,9,0,0,
FVG_INV_STRUCT_1800,2026-05-07,12,98.60900000000674,8.217416666667228,21,12,5,2,7,12,21,12,0,0,12,0,0,
FVG_INV_STRUCT_1800,2026-05-29,12,114.21000000002005,9.51750000000167,31,12,6,10,7,12,31,12,0,0,12,0,0,
FVG_INV_STRUCT_1800,2026-06-01,11,0.4440000000040526,0.04036363636400478,28,11,7,9,10,11,28,11,0,0,11,0,0,
FVG_INV_STRUCT_1800,2026-06-11,11,137.12000000000626,12.465454545455115,19,11,4,3,6,11,19,11,0,0,11,0,0,
FVG_INV_STRUCT_1800,2026-06-30,10,-5.912999999999101,-0.5912999999999101,25,10,5,9,10,10,25,10,0,0,10,0,0,
FVG_INV_STRUCT_1800,2026-07-02,5,-4.2800000000002,-0.8560000000000401,20,5,6,6,5,5,20,5,0,0,5,0,0,
FVG_INV_STRUCT_1800,2026-07-03,5,-2.410000000002583,-0.48200000000051657,19,5,5,7,5,5,19,5,0,0,5,0,0,
FVG_INV_STRUCT_1800,2026-07-06,4,6.3199999999969805,1.5799999999992451,21,4,11,6,3,4,21,4,0,0,4,0,1,
FVG_INV_STRUCT_1800,2026-07-13,16,78.3599999999874,4.897499999999212,28,16,4,7,12,16,28,16,0,0,16,0,0,
