config,day,n_trades,pnl_total,ev_per_trade,n_fills,n_signals_emitted,n_signals_consumed,n_soft_stops,n_inv_trades_submitted,n_inv_trades_filled,error
INV_0,2024-01-23,18,1.2758910950059696,0.07088283861144276,18,9,9,2,0,0,
INV_0,2024-02-07,22,0.9093543736130414,0.0413342897096837,22,9,9,5,1,1,
INV_0,2024-02-08,30,-1.6050281205222443,-0.053500937350741476,30,10,10,7,1,1,
INV_0,2024-02-16,36,-0.17020877556698605,-0.00472802154352739,36,13,13,15,2,2,
INV_0,2024-02-23,51,0.3663915138127624,0.007184147329662008,51,21,21,21,1,1,
INV_0,2024-03-08,67,-2.798686249004883,-0.041771436552311685,67,25,25,25,1,1,
INV_0,2024-03-13,65,0.13717168695408577,0.0021103336454474735,65,25,25,22,2,2,
INV_0,2024-04-11,66,-1.6215696549417469,-0.024569237196087074,66,22,22,28,6,6,
INV_0,2024-05-06,62,-2.1119040011497723,-0.0340629677604802,62,22,22,20,2,2,
INV_0,2024-05-07,55,0.25616233101679114,0.004657496927578021,55,18,18,24,6,6,
INV_0,2024-05-14,78,-1.650472423211492,-0.021159902861685793,78,26,26,25,4,4,
INV_0,2024-05-17,94,-0.09242651618812177,-0.0009832608105119337,94,33,33,39,4,4,
INV_0,2024-05-24,32,-0.10426576636064055,-0.0032583051987700173,32,14,14,11,2,2,
INV_0,2024-05-31,56,-0.20170726738463912,-0.0036019154890114128,56,21,21,11,3,3,
INV_0,2024-06-11,53,-1.7162947337064907,-0.03238291950389605,53,18,18,13,1,1,
INV_0,2024-06-18,48,-3.3427384415569277,-0.06964038419910266,48,15,15,22,3,3,
INV_0,2024-06-24,47,-1.1005953096946541,-0.02341692148286498,47,17,17,8,1,1,
INV_0,2024-06-25,58,-1.4010012172019137,-0.024155193400032995,58,21,21,17,0,0,
INV_0,2024-06-26,53,-0.17305429354852694,-0.0032651753499722065,53,20,20,10,1,1,
INV_0,2024-07-01,50,-0.5487591520795831,-0.010975183041591664,50,18,18,10,0,0,
INV_0,2024-07-17,57,-1.505840093177388,-0.026418247248726108,57,20,20,27,6,6,
INV_0,2024-07-18,52,-0.7180727790747976,-0.013809091905284569,52,22,22,12,0,0,
INV_0,2024-07-31,82,-2.6969367974173415,-0.032889473139235875,82,29,29,20,3,3,
INV_0,2024-08-13,43,-1.6456917821208967,-0.0382719019097883,43,15,15,6,0,0,
INV_0,2024-08-19,47,-0.6274052635587093,-0.013349048160823601,47,18,18,13,1,1,
INV_0,2024-09-05,67,-0.10374120399243723,-0.0015483761789916006,67,24,24,25,2,2,
INV_0,2024-09-12,101,-4.828619279610848,-0.04780811167931533,101,34,34,46,9,9,
INV_0,2024-10-18,76,-2.8017833070081606,-0.03686556982905474,76,25,25,22,5,5,
INV_0,2024-10-23,98,2.7525066788677273,0.028086802845589055,98,37,37,36,6,6,
INV_0,2024-11-04,39,-0.6559360935872671,-0.01681887419454531,39,14,14,9,1,1,
INV_0,2024-12-05,61,0.11441188638339848,0.0018756046948098111,61,23,23,17,3,3,
INV_0,2025-01-29,53,-0.8379381830994439,-0.015810154398102714,53,18,18,35,4,4,
INV_0,2025-02-19,44,0.12328839602893528,0.00280200900065762,44,19,18,15,1,1,
INV_0,2025-02-27,76,-0.40424208555365704,-0.00531897480991654,76,27,27,16,2,2,
INV_0,2025-03-24,53,-0.4085530391921565,-0.007708547909285972,53,21,21,12,1,1,
INV_0,2025-04-09,98,4.902650304699515,0.050027043925505256,98,34,34,30,7,7,
INV_0,2025-04-17,84,-2.151980697722441,-0.02561881783002906,84,28,27,37,7,7,
INV_0,2025-04-30,65,-7.10178868229726,-0.10925828741995784,65,23,23,24,5,5,
INV_0,2025-05-14,112,-4.483502022185803,-0.040031268055230385,112,39,39,47,8,8,
INV_0,2025-06-12,55,-0.4289018266301051,-0.007798215029638275,55,22,22,11,2,2,
INV_0,2025-06-13,97,1.4227508566467197,0.014667534604605358,97,32,32,44,11,11,
INV_0,2025-06-17,56,-4.071285768582129,-0.07270153158182373,56,19,19,27,3,3,
INV_0,2025-07-07,64,2.313300448428739,0.036145319506699046,64,26,26,25,4,4,
INV_0,2025-07-23,72,-1.6232124383233593,-0.022544617198935545,72,26,26,30,4,4,
INV_0,2025-08-06,50,0.8534435938440764,0.01706887187688153,50,17,17,17,3,3,
INV_0,2025-09-09,67,-3.269060650635614,-0.04879195000948677,67,24,24,30,5,5,
INV_0,2025-12-10,44,0.5692956295551993,0.012938537035345438,44,17,17,18,4,4,
INV_0,2025-12-15,42,0.36207826679734956,0.008620911114222609,42,17,17,9,1,1,
INV_0,2025-12-19,49,-2.2699454877301832,-0.04632541811694252,49,16,16,31,7,7,
INV_0,2025-12-30,73,-6.509198460616972,-0.0891671022002325,73,24,24,27,5,5,
INV_0,2026-02-12,49,-8.084122436936621,-0.16498209054972696,49,18,18,25,6,6,
INV_0,2026-02-25,64,0.9187015079117674,0.014354711061121366,64,21,21,23,7,7,
INV_0,2026-03-02,62,-0.848528146853217,-0.013685937852471242,62,23,23,11,3,3,
INV_0,2026-03-06,84,-2.017857502255841,-0.024022113122093347,84,28,28,19,5,5,
INV_0,2026-04-15,63,-1.0609012726211708,-0.016839702740018586,63,24,24,30,6,6,
INV_0,2026-05-06,112,-8.626688375654643,-0.07702400335405932,112,43,43,49,12,12,
INV_0,2026-05-12,110,1.1735900517815023,0.01066900047074093,110,41,40,46,13,13,
INV_0,2026-06-05,80,-4.961870273891995,-0.06202337842364993,80,29,29,32,7,7,
INV_0,2026-06-24,125,-8.295910915321505,-0.06636728732257204,125,43,43,45,7,7,
INV_3,2024-01-23,16,1.4594353988034072,0.09121471242521295,16,8,8,2,0,0,
INV_3,2024-02-07,19,1.0219980517739107,0.0537893711459953,19,8,8,5,1,1,
INV_3,2024-02-08,30,-1.6050281205222443,-0.053500937350741476,30,10,10,7,1,1,
INV_3,2024-02-16,36,-0.17020877556698605,-0.00472802154352739,36,13,13,15,2,2,
INV_3,2024-02-23,51,0.3663915138127624,0.007184147329662008,51,21,21,21,1,1,
INV_3,2024-03-08,61,-2.447838791377914,-0.04012850477668711,61,23,23,25,1,1,
INV_3,2024-03-13,50,1.4589564585893036,0.02917912917178607,50,20,20,18,1,1,
INV_3,2024-04-11,64,-1.639151543188291,-0.025611742862317047,64,21,21,28,6,6,
INV_3,2024-05-06,59,-2.012570667816514,-0.03411136725112735,59,21,21,17,2,2,
INV_3,2024-05-07,50,0.31296755126807807,0.006259351025361562,50,16,16,24,6,6,
INV_3,2024-05-14,78,-1.650472423211492,-0.021159902861685793,78,26,26,25,4,4,
INV_3,2024-05-17,86,-0.17271789147995753,-0.0020083475753483434,86,30,30,34,4,4,
INV_3,2024-05-24,32,-0.10426576636064055,-0.0032583051987700173,32,14,14,11,2,2,
INV_3,2024-05-31,56,-0.20170726738463912,-0.0036019154890114128,56,21,21,11,3,3,
INV_3,2024-06-11,50,-1.5254271537978639,-0.030508543075957278,50,17,17,13,1,1,
INV_3,2024-06-18,48,-3.3427384415569277,-0.06964038419910266,48,15,15,22,3,3,
INV_3,2024-06-24,44,-1.094806287396144,-0.02488196107718509,44,16,16,8,1,1,
INV_3,2024-06-25,58,-1.4010012172019137,-0.024155193400032995,58,21,21,17,0,0,
INV_3,2024-06-26,53,-0.17305429354852694,-0.0032651753499722065,53,20,20,10,1,1,
INV_3,2024-07-01,47,-0.4587591520797408,-0.009760833022973208,47,17,17,7,0,0,
INV_3,2024-07-17,57,-1.505840093177388,-0.026418247248726108,57,20,20,27,6,6,
INV_3,2024-07-18,49,-1.1741462254026374,-0.023962167865359946,49,21,21,12,0,0,
INV_3,2024-07-31,78,-2.4474367974174434,-0.03137739483868517,78,28,28,16,2,2,
INV_3,2024-08-13,41,-1.6639502090871854,-0.040584151441150865,41,14,14,6,0,0,
INV_3,2024-08-19,41,-0.4647984259519642,-0.011336546974438151,41,16,16,13,1,1,
INV_3,2024-09-05,64,-0.0404078706590857,-0.0006313729790482141,64,23,23,23,2,2,
INV_3,2024-09-12,93,-4.04673466422643,-0.04351327595942398,93,32,32,41,7,7,
INV_3,2024-10-18,76,-2.8017833070081606,-0.03686556982905474,76,25,25,22,5,5,
INV_3,2024-10-23,89,2.8585774480014456,0.03211884773035332,89,34,34,32,5,5,
INV_3,2024-11-04,33,-0.34073462838599283,-0.01032529176927251,33,12,12,9,1,1,
INV_3,2024-12-05,54,-0.5286881136163781,-0.009790520622525521,54,21,21,11,2,2,
INV_3,2025-01-29,53,-0.8379381830994439,-0.015810154398102714,53,18,18,35,4,4,
INV_3,2025-02-19,38,0.5174811793899609,0.013617925773420022,38,17,16,15,1,1,
INV_3,2025-02-27,73,-0.20874659005812635,-0.0028595423295633745,73,26,26,16,2,2,
INV_3,2025-03-24,47,-0.3762880819275172,-0.008006129402713133,47,19,19,12,1,1,
INV_3,2025-04-09,90,4.922051415655005,0.0546894601739445,90,31,31,27,7,7,
INV_3,2025-04-17,81,-1.9836108680387956,-0.024489023062207353,81,27,26,37,7,7,
INV_3,2025-04-30,61,-7.0647796926549145,-0.11581606053532646,61,21,21,24,5,5,
INV_3,2025-05-14,111,-4.8258933265336355,-0.04347651645525798,111,38,38,47,8,8,
INV_3,2025-06-12,51,-0.6450426314090691,-0.01264789473351116,51,20,20,11,2,2,
INV_3,2025-06-13,92,1.3106399977721896,0.014246086932306409,92,30,30,44,11,11,
INV_3,2025-06-17,51,-3.7239138204007154,-0.07301791804707285,51,17,17,24,3,3,
INV_3,2025-07-07,56,1.6908427779400577,0.030193621034643885,56,23,23,22,3,3,
INV_3,2025-07-23,66,-1.3930954792593488,-0.021107507261505287,66,24,24,30,4,4,
INV_3,2025-08-06,50,0.8534435938440764,0.01706887187688153,50,17,17,17,3,3,
INV_3,2025-09-09,61,-3.003650265376109,-0.049240168284854245,61,22,22,30,5,5,
INV_3,2025-12-10,44,0.5692956295551993,0.012938537035345438,44,17,17,18,4,4,
INV_3,2025-12-15,41,0.29207826679733745,0.007123860165788718,41,16,16,9,1,1,
INV_3,2025-12-19,49,-2.2699454877301832,-0.04632541811694252,49,16,16,31,7,7,
INV_3,2025-12-30,65,-3.0625317939490437,-0.04711587375306221,65,22,22,19,3,3,
INV_3,2026-02-12,49,-8.084122436936621,-0.16498209054972696,49,18,18,25,6,6,
INV_3,2026-02-25,61,1.2278195946085664,0.020128190075550268,61,20,20,23,7,7,
INV_3,2026-03-02,59,-0.8358177091425508,-0.014166401849873743,59,22,22,11,3,3,
INV_3,2026-03-06,81,-1.5920510506427188,-0.019654951242502702,81,27,27,19,5,5,
INV_3,2026-04-15,59,0.2785987273803887,0.004722012328481164,59,23,23,26,5,5,
INV_3,2026-05-06,105,-8.254403967450648,-0.0786133711185776,105,41,41,46,11,11,
INV_3,2026-05-12,107,1.5153525038889102,0.014162172933541217,107,40,39,46,13,13,
INV_3,2026-06-05,72,-1.1217108536002345,-0.015579317411114367,72,27,27,26,5,5,
INV_3,2026-06-24,118,-8.094482343893258,-0.06859730799909541,118,41,41,41,6,6,
INV_4,2024-01-23,16,1.4594353988034072,0.09121471242521295,16,8,8,2,0,0,
INV_4,2024-02-07,19,1.0219980517739107,0.0537893711459953,19,8,8,5,1,1,
INV_4,2024-02-08,27,-1.5050281205223353,-0.05574178224156797,27,9,9,7,1,1,
INV_4,2024-02-16,36,-0.17020877556698605,-0.00472802154352739,36,13,13,15,2,2,
INV_4,2024-02-23,48,0.5155581804795019,0.01074079542665629,48,20,20,18,1,1,
INV_4,2024-03-08,61,-2.447838791377914,-0.04012850477668711,61,23,23,25,1,1,
INV_4,2024-03-13,50,1.4589564585893036,0.02917912917178607,50,20,20,18,1,1,
INV_4,2024-04-11,61,-1.4413886796534523,-0.02362932261726971,61,20,20,28,6,6,
INV_4,2024-05-06,59,-2.012570667816514,-0.03411136725112735,59,21,21,17,2,2,
INV_4,2024-05-07,50,0.31296755126807807,0.006259351025361562,50,16,16,24,6,6,
INV_4,2024-05-14,75,-1.5282502009892294,-0.020376669346523057,75,25,25,25,4,4,
INV_4,2024-05-17,83,-0.1153649503035012,-0.001389939160283147,83,29,29,34,4,4,
INV_4,2024-05-24,32,-0.10426576636064055,-0.0032583051987700173,32,14,14,11,2,2,
INV_4,2024-05-31,52,-1.247707267384764,-0.023994370526630077,52,20,20,8,2,2,
INV_4,2024-06-11,50,-1.5254271537978639,-0.030508543075957278,50,17,17,13,1,1,
INV_4,2024-06-18,48,-3.3427384415569277,-0.06964038419910266,48,15,15,22,3,3,
INV_4,2024-06-24,44,-1.094806287396144,-0.02488196107718509,44,16,16,8,1,1,
INV_4,2024-06-25,58,-1.4010012172019137,-0.024155193400032995,58,21,21,17,0,0,
INV_4,2024-06-26,53,-0.17305429354852694,-0.0032651753499722065,53,20,20,10,1,1,
INV_4,2024-07-01,47,-0.4587591520797408,-0.009760833022973208,47,17,17,7,0,0,
INV_4,2024-07-17,55,-1.5260290966137595,-0.027745983574795626,55,19,19,27,6,6,
INV_4,2024-07-18,49,-1.1741462254026374,-0.023962167865359946,49,21,21,12,0,0,
INV_4,2024-07-31,78,-2.4474367974174434,-0.03137739483868517,78,28,28,16,2,2,
INV_4,2024-08-13,41,-1.6639502090871854,-0.040584151441150865,41,14,14,6,0,0,
INV_4,2024-08-19,41,-0.4647984259519642,-0.011336546974438151,41,16,16,13,1,1,
INV_4,2024-09-05,64,-0.0404078706590857,-0.0006313729790482141,64,23,23,23,2,2,
INV_4,2024-09-12,90,-3.9443537118456033,-0.043826152353840034,90,31,31,41,7,7,
INV_4,2024-10-18,76,-2.8017833070081606,-0.03686556982905474,76,25,25,22,5,5,
INV_4,2024-10-23,83,3.1419107813349,0.03785434676307108,83,32,32,26,5,5,
INV_4,2024-11-04,33,-0.34073462838599283,-0.01032529176927251,33,12,12,9,1,1,
INV_4,2024-12-05,54,-0.5286881136163781,-0.009790520622525521,54,21,21,11,2,2,
INV_4,2025-01-29,53,-0.8379381830994439,-0.015810154398102714,53,18,18,35,4,4,
INV_4,2025-02-19,37,0.06275676994118846,0.001696128917329418,37,16,15,15,1,1,
INV_4,2025-02-27,73,-0.20874659005812635,-0.0028595423295633745,73,26,26,16,2,2,
INV_4,2025-03-24,47,-0.3762880819275172,-0.008006129402713133,47,19,19,12,1,1,
INV_4,2025-04-09,86,1.783051415655033,0.020733155995988756,86,30,30,24,6,6,
INV_4,2025-04-17,81,-1.9836108680387956,-0.024489023062207353,81,27,26,37,7,7,
INV_4,2025-04-30,61,-7.0647796926549145,-0.11581606053532646,61,21,21,24,5,5,
INV_4,2025-05-14,105,-5.2689184611833,-0.05018017582079333,105,36,36,43,7,7,
INV_4,2025-06-12,51,-0.6450426314090691,-0.01264789473351116,51,20,20,11,2,2,
INV_4,2025-06-13,86,1.569869515666293,0.018254296693794105,86,28,28,41,11,11,
INV_4,2025-06-17,48,-3.613913820400588,-0.07528987125834559,48,16,16,21,3,3,
INV_4,2025-07-07,56,1.6908427779400577,0.030193621034643885,56,23,23,22,3,3,
INV_4,2025-07-23,66,-1.3930954792593488,-0.021107507261505287,66,24,24,30,4,4,
INV_4,2025-08-06,50,0.8534435938440764,0.01706887187688153,50,17,17,17,3,3,
INV_4,2025-09-09,61,-3.003650265376109,-0.049240168284854245,61,22,22,30,5,5,
INV_4,2025-12-10,42,0.5464826582128807,0.013011491862211445,42,16,16,18,4,4,
INV_4,2025-12-15,41,0.29207826679733745,0.007123860165788718,41,16,16,9,1,1,
INV_4,2025-12-19,49,-2.2699454877301832,-0.04632541811694252,49,16,16,31,7,7,
INV_4,2025-12-30,65,-3.0625317939490437,-0.04711587375306221,65,22,22,19,3,3,
INV_4,2026-02-12,49,-8.084122436936621,-0.16498209054972696,49,18,18,25,6,6,
INV_4,2026-02-25,61,1.2278195946085664,0.020128190075550268,61,20,20,23,7,7,
INV_4,2026-03-02,57,-0.39555486565404857,-0.0069395590465622554,57,21,21,11,3,3,
INV_4,2026-03-06,81,-1.5920510506427188,-0.019654951242502702,81,27,27,19,5,5,
INV_4,2026-04-15,56,-0.13798850842583013,-0.0024640805076041094,56,22,22,26,5,5,
INV_4,2026-05-06,105,-8.254403967450648,-0.0786133711185776,105,41,41,46,11,11,
INV_4,2026-05-12,101,1.855800461728601,0.01837426199731288,101,38,37,46,13,13,
INV_4,2026-06-05,70,-1.1357837012819803,-0.01622548144688543,70,26,26,26,5,5,
INV_4,2026-06-24,115,-7.942815677226615,-0.06906796241066622,115,40,40,38,6,6,
INV_5,2024-01-23,16,1.4594353988034072,0.09121471242521295,16,8,8,2,0,0,
INV_5,2024-02-07,19,1.0219980517739107,0.0537893711459953,19,8,8,5,1,1,
INV_5,2024-02-08,27,-1.5050281205223353,-0.05574178224156797,27,9,9,7,1,1,
INV_5,2024-02-16,36,-0.17020877556698605,-0.00472802154352739,36,13,13,15,2,2,
INV_5,2024-02-23,46,0.6950453599666464,0.015109681738405356,46,19,19,18,1,1,
INV_5,2024-03-08,61,-2.447838791377914,-0.04012850477668711,61,23,23,25,1,1,
INV_5,2024-03-13,50,1.4589564585893036,0.02917912917178607,50,20,20,18,1,1,
INV_5,2024-04-11,54,-1.7883518181479305,-0.03311762626199871,54,18,18,25,5,5,
INV_5,2024-05-06,59,-2.012570667816514,-0.03411136725112735,59,21,21,17,2,2,
INV_5,2024-05-07,50,0.31296755126807807,0.006259351025361562,50,16,16,24,6,6,
INV_5,2024-05-14,75,-1.5282502009892294,-0.020376669346523057,75,25,25,25,4,4,
INV_5,2024-05-17,83,-0.1153649503035012,-0.001389939160283147,83,29,29,34,4,4,
INV_5,2024-05-24,30,-0.24900260846591965,-0.008300086948863989,30,13,13,11,2,2,
INV_5,2024-05-31,52,-1.247707267384764,-0.023994370526630077,52,20,20,8,2,2,
INV_5,2024-06-11,47,-1.3393160426867325,-0.02849608601461133,47,16,16,13,1,1,
INV_5,2024-06-18,48,-3.3427384415569277,-0.06964038419910266,48,15,15,22,3,3,
INV_5,2024-06-24,44,-1.094806287396144,-0.02488196107718509,44,16,16,8,1,1,
INV_5,2024-06-25,58,-1.4010012172019137,-0.024155193400032995,58,21,21,17,0,0,
INV_5,2024-06-26,53,-0.17305429354852694,-0.0032651753499722065,53,20,20,10,1,1,
INV_5,2024-07-01,44,-0.3395791464634688,-0.007717707874169746,44,16,16,7,0,0,
INV_5,2024-07-17,55,-1.5260290966137595,-0.027745983574795626,55,19,19,27,6,6,
INV_5,2024-07-18,48,-1.3767009699281516,-0.02868127020683649,48,20,20,12,0,0,
INV_5,2024-07-31,78,-2.4474367974174434,-0.03137739483868517,78,28,28,16,2,2,
INV_5,2024-08-13,38,-1.3736893113397552,-0.03614971871946724,38,13,13,6,0,0,
INV_5,2024-08-19,41,-0.4647984259519642,-0.011336546974438151,41,16,16,13,1,1,
INV_5,2024-09-05,61,0.13501565594545653,0.0022133714089419103,61,22,22,23,2,2,
INV_5,2024-09-12,87,-3.816020378512349,-0.04386230320129137,87,30,30,38,7,7,
INV_5,2024-10-18,76,-2.8017833070081606,-0.03686556982905474,76,25,25,22,5,5,
INV_5,2024-10-23,80,3.276910781334967,0.040961384766687085,80,31,31,23,5,5,
INV_5,2024-11-04,33,-0.34073462838599283,-0.01032529176927251,33,12,12,9,1,1,
INV_5,2024-12-05,54,-0.5286881136163781,-0.009790520622525521,54,21,21,11,2,2,
INV_5,2025-01-29,53,-0.8379381830994439,-0.015810154398102714,53,18,18,35,4,4,
INV_5,2025-02-19,37,0.06275676994118846,0.001696128917329418,37,16,15,15,1,1,
INV_5,2025-02-27,68,-0.6369967324001966,-0.009367599005885244,68,24,24,16,2,2,
INV_5,2025-03-24,47,-0.3762880819275172,-0.008006129402713133,47,19,19,12,1,1,
INV_5,2025-04-09,86,1.783051415655033,0.020733155995988756,86,30,30,24,6,6,
INV_5,2025-04-17,81,-1.9836108680387956,-0.024489023062207353,81,27,26,37,7,7,
INV_5,2025-04-30,61,-7.0647796926549145,-0.11581606053532646,61,21,21,24,5,5,
INV_5,2025-05-14,105,-5.2689184611833,-0.05018017582079333,105,36,36,43,7,7,
INV_5,2025-06-12,51,-0.6450426314090691,-0.01264789473351116,51,20,20,11,2,2,
INV_5,2025-06-13,86,1.569869515666293,0.018254296693794105,86,28,28,41,11,11,
INV_5,2025-06-17,48,-3.613913820400588,-0.07528987125834559,48,16,16,21,3,3,
INV_5,2025-07-07,56,1.6908427779400577,0.030193621034643885,56,23,23,22,3,3,
INV_5,2025-07-23,63,-1.288080729996788,-0.02044572587296489,63,23,23,30,4,4,
INV_5,2025-08-06,50,0.8534435938440764,0.01706887187688153,50,17,17,17,3,3,
INV_5,2025-09-09,61,-3.003650265376109,-0.049240168284854245,61,22,22,30,5,5,
INV_5,2025-12-10,42,0.5464826582128807,0.013011491862211445,42,16,16,18,4,4,
INV_5,2025-12-15,41,0.29207826679733745,0.007123860165788718,41,16,16,9,1,1,
INV_5,2025-12-19,49,-2.2699454877301832,-0.04632541811694252,49,16,16,31,7,7,
INV_5,2025-12-30,65,-3.0625317939490437,-0.04711587375306221,65,22,22,19,3,3,
INV_5,2026-02-12,49,-8.084122436936621,-0.16498209054972696,49,18,18,25,6,6,
INV_5,2026-02-25,61,1.2278195946085664,0.020128190075550268,61,20,20,23,7,7,
INV_5,2026-03-02,57,-0.39555486565404857,-0.0069395590465622554,57,21,21,11,3,3,
INV_5,2026-03-06,81,-1.5920510506427188,-0.019654951242502702,81,27,27,19,5,5,
INV_5,2026-04-15,48,-0.08093295286956473,-0.0016861031847825985,48,19,19,20,5,5,
INV_5,2026-05-06,100,-8.342266917509127,-0.08342266917509127,100,39,39,46,11,11,
INV_5,2026-05-12,98,2.154392011024356,0.021983591949228123,98,37,36,46,13,13,
INV_5,2026-06-05,67,-0.9840077449980528,-0.014686682761164967,67,25,25,26,5,5,
INV_5,2026-06-24,115,-7.942815677226615,-0.06906796241066622,115,40,40,38,6,6,
INV_10,2024-01-23,13,1.5007687321366727,0.1154437486258979,13,7,7,0,0,0,
INV_10,2024-02-07,19,1.0219980517739107,0.0537893711459953,19,8,8,5,1,1,
INV_10,2024-02-08,27,-1.5050281205223353,-0.05574178224156797,27,9,9,7,1,1,
INV_10,2024-02-16,33,0.02312455776639885,0.0007007441747393592,33,12,12,12,2,2,
INV_10,2024-02-23,40,0.9764333151485213,0.024410832878713033,40,17,17,15,1,1,
INV_10,2024-03-08,55,-2.1792918621166186,-0.039623488402120335,55,21,21,25,1,1,
INV_10,2024-03-13,47,1.5343061089389873,0.03264481082848909,47,19,19,18,1,1,
INV_10,2024-04-11,54,-1.7883518181479305,-0.03311762626199871,54,18,18,25,5,5,
INV_10,2024-05-06,46,-2.2372346047278975,-0.048635534885389076,46,16,16,14,2,2,
INV_10,2024-05-07,50,0.31296755126807807,0.006259351025361562,50,16,16,24,6,6,
INV_10,2024-05-14,72,-1.4188633948281981,-0.01970643603928053,72,24,24,25,4,4,
INV_10,2024-05-17,83,-0.1153649503035012,-0.001389939160283147,83,29,29,34,4,4,
INV_10,2024-05-24,30,-0.24900260846591965,-0.008300086948863989,30,13,13,11,2,2,
INV_10,2024-05-31,46,-1.0668228902339556,-0.02319180196160773,46,18,18,8,2,2,
INV_10,2024-06-11,47,-1.3393160426867325,-0.02849608601461133,47,16,16,13,1,1,
INV_10,2024-06-18,48,-3.3427384415569277,-0.06964038419910266,48,15,15,22,3,3,
INV_10,2024-06-24,36,-0.985543931394659,-0.027376220316518304,36,13,13,8,1,1,
INV_10,2024-06-25,52,-1.054137271623707,-0.02027187060814821,52,19,19,14,0,0,
INV_10,2024-06-26,53,-0.17305429354852694,-0.0032651753499722065,53,20,20,10,1,1,
INV_10,2024-07-01,41,-0.15419292516889982,-0.0037608030528999956,41,15,15,7,0,0,
INV_10,2024-07-17,49,-1.183507572684903,-0.024153215769079653,49,17,17,27,6,6,
INV_10,2024-07-18,44,-1.4059669631192264,-0.03195379461634606,44,17,17,12,0,0,
INV_10,2024-07-31,73,-2.0113141793560017,-0.027552249032273997,73,26,26,16,2,2,
INV_10,2024-08-13,35,-1.2143275561664573,-0.03469507303332735,35,12,12,6,0,0,
INV_10,2024-08-19,35,-0.249773795410268,-0.0071363941545790855,35,14,14,13,1,1,
INV_10,2024-09-05,44,0.17779421137265675,0.004040777531196744,44,16,16,20,1,1,
INV_10,2024-09-12,87,-3.816020378512349,-0.04386230320129137,87,30,30,38,7,7,
INV_10,2024-10-18,73,-2.7152833070082734,-0.03719566173983936,73,24,24,19,5,5,
INV_10,2024-10-23,77,3.505366065887756,0.04552423462191891,77,30,30,23,5,5,
INV_10,2024-11-04,27,0.007372252868359852,0.0002730464025318464,27,10,10,9,1,1,
INV_10,2024-12-05,54,-0.5286881136163781,-0.009790520622525521,54,21,21,11,2,2,
INV_10,2025-01-29,53,-0.8379381830994439,-0.015810154398102714,53,18,18,35,4,4,
INV_10,2025-02-19,37,0.06275676994118846,0.001696128917329418,37,16,15,15,1,1,
INV_10,2025-02-27,66,-0.34107836505321143,-0.0051678540159577485,66,23,23,16,2,2,
INV_10,2025-03-24,47,-0.3762880819275172,-0.008006129402713133,47,19,19,12,1,1,
INV_10,2025-04-09,70,-0.505936552826673,-0.007227665040381043,70,25,25,18,4,4,
INV_10,2025-04-17,75,-1.326964688510998,-0.017692862513479974,75,24,24,34,7,7,
INV_10,2025-04-30,58,-6.725998888504364,-0.11596549807766145,58,20,20,24,5,5,
INV_10,2025-05-14,98,-4.326649455335731,-0.0441494842381197,98,34,34,39,6,6,
INV_10,2025-06-12,48,-0.5450426314091601,-0.011355054821024169,48,19,19,11,2,2,
INV_10,2025-06-13,77,0.9966063577711186,0.01294293971131323,77,25,25,34,9,9,
INV_10,2025-06-17,43,-3.6229781478859877,-0.08425530576479041,43,14,14,21,3,3,
INV_10,2025-07-07,50,1.9172316668288354,0.03834463333657671,50,21,21,19,3,3,
INV_10,2025-07-23,56,-0.7384140633297042,-0.01318596541660186,56,21,21,23,3,3,
INV_10,2025-08-06,43,0.4880775668360304,0.011350641089210009,43,15,15,14,2,2,
INV_10,2025-09-09,53,-2.7339835987102865,-0.051584596202080876,53,20,20,23,3,3,
INV_10,2025-12-10,31,-0.4106815048947586,-0.013247790480476083,31,12,12,14,2,2,
INV_10,2025-12-15,32,0.7910072264254874,0.02471897582579648,32,13,13,9,1,1,
INV_10,2025-12-19,43,-2.1310457055942607,-0.04955920245568048,43,14,14,28,7,7,
INV_10,2025-12-30,65,-3.0625317939490437,-0.04711587375306221,65,22,22,19,3,3,
INV_10,2026-02-12,46,-7.833274979309257,-0.170288586506723,46,17,17,25,6,6,
INV_10,2026-02-25,54,-0.7573515765625417,-0.014025029195602624,54,18,18,21,6,6,
INV_10,2026-03-02,51,-0.3582097318015561,-0.0070237202314030606,51,18,18,11,3,3,
INV_10,2026-03-06,77,-3.3783843839749657,-0.04387512186980475,77,26,26,16,4,4,
INV_10,2026-04-15,44,-0.6979329528688444,-0.01586211256520101,44,18,18,17,4,4,
INV_10,2026-05-06,94,-7.065224574624456,-0.07516196355983464,94,36,36,42,10,10,
INV_10,2026-05-12,98,2.154392011024356,0.021983591949228123,98,37,36,46,13,13,
INV_10,2026-06-05,60,-0.7794739373524258,-0.012991232289207096,60,22,22,23,5,5,
INV_10,2026-06-24,103,-7.309575870192779,-0.07096675602128912,103,36,36,32,6,6,
INV_30,2024-01-23,9,1.3554140958372805,0.15060156620414228,9,5,5,0,0,0,
INV_30,2024-02-07,17,0.5747088951474476,0.03380640559690868,17,7,7,5,1,1,
INV_30,2024-02-08,27,-1.5050281205223353,-0.05574178224156797,27,9,9,7,1,1,
INV_30,2024-02-16,24,-0.11779856150587875,-0.004908273396078282,24,8,8,6,2,2,
INV_30,2024-02-23,33,0.662035654329505,0.020061686494833482,33,15,15,12,0,0,
INV_30,2024-03-08,48,-2.3777856778250075,-0.049537201621354325,48,17,17,22,1,1,
INV_30,2024-03-13,39,1.3446647587279585,0.03447858355712714,39,16,16,12,1,1,
INV_30,2024-04-11,37,-1.1806329400783397,-0.03190899838049567,37,12,12,18,4,4,
INV_30,2024-05-06,40,-2.1488865221319124,-0.053722163053297814,40,13,13,14,2,2,
INV_30,2024-05-07,38,0.5631324841478998,0.014819275898628944,38,12,12,15,5,5,
INV_30,2024-05-14,63,-1.7329549682819259,-0.027507221718760726,63,21,21,21,4,4,
INV_30,2024-05-17,70,0.3182496250618291,0.004546423215168987,70,25,25,27,3,3,
INV_30,2024-05-24,20,0.5114183069714879,0.025570915348574398,20,10,10,7,1,1,
INV_30,2024-05-31,36,-1.0453077387192025,-0.0290363260755334,36,15,15,5,1,1,
INV_30,2024-06-11,44,-1.2593160426868053,-0.028620819151972846,44,15,15,10,1,1,
INV_30,2024-06-18,44,-2.2784051082239785,-0.051781934277817694,44,14,14,18,2,2,
INV_30,2024-06-24,30,-0.6412279391018577,-0.02137426463672859,30,11,11,8,1,1,
INV_30,2024-06-25,49,-0.8944706049572536,-0.018254502141984767,49,18,18,11,0,0,
INV_30,2024-06-26,45,-0.08878736006878772,-0.0019730524459730604,45,17,17,10,1,1,
INV_30,2024-07-01,41,-0.15419292516889982,-0.0037608030528999956,41,15,15,7,0,0,
INV_30,2024-07-17,25,-0.9789274811923862,-0.03915709924769545,25,10,10,11,2,2,
INV_30,2024-07-18,39,-1.4721812653565394,-0.0377482375732446,39,15,15,12,0,0,
INV_30,2024-07-31,52,-1.4687678681266334,-0.02824553592551218,52,19,19,13,2,2,
INV_30,2024-08-13,29,-0.8894582751210389,-0.030670975004173755,29,10,10,3,0,0,
INV_30,2024-08-19,27,-0.007639839024705084,-0.0002829570009150031,27,11,11,9,0,0,
INV_30,2024-09-05,32,0.4175161475947486,0.013047379612335893,32,12,12,14,1,1,
INV_30,2024-09-12,81,-4.165247651239801,-0.05142281050913334,81,27,27,35,7,7,
INV_30,2024-10-18,58,-2.4642820587217407,-0.04248762170209898,58,19,19,15,4,4,
INV_30,2024-10-23,64,2.950326150205607,0.04609884609696261,64,25,25,20,4,4,
INV_30,2024-11-04,24,-0.11370617850419273,-0.004737757437674697,24,9,9,9,1,1,
INV_30,2024-12-05,36,-1.3069850780940822,-0.03630514105816895,36,14,14,8,2,2,
INV_30,2025-01-29,46,-0.31652528872382407,-0.006880984537474436,46,15,15,29,4,4,
INV_30,2025-02-19,31,-0.18295933441534848,-0.005901914013398338,31,13,12,15,1,1,
INV_30,2025-02-27,52,-0.14627389739128674,-0.0028129595652170527,52,18,18,13,2,2,
INV_30,2025-03-24,31,-0.1624113423760415,-0.005239075560517468,31,13,13,9,1,1,
INV_30,2025-04-09,65,0.05588835568657173,0.0008598208567164882,65,23,23,18,4,4,
INV_30,2025-04-17,68,-1.4952980218445193,-0.021989676791831166,68,22,22,28,6,6,
INV_30,2025-04-30,52,-6.610533571085095,-0.1271256455977903,52,18,18,23,5,5,
INV_30,2025-05-14,89,-3.7250310923786856,-0.04185428193683916,89,31,31,36,6,6,
INV_30,2025-06-12,43,-0.6691580876475502,-0.015561815991803495,43,17,17,11,2,2,
INV_30,2025-06-13,64,0.58285617462055,0.009107127728446093,64,21,21,25,7,7,
INV_30,2025-06-17,43,-3.6229781478859877,-0.08425530576479041,43,14,14,21,3,3,
INV_30,2025-07-07,42,1.3878058409706377,0.03304299621358661,42,17,17,16,3,3,
INV_30,2025-07-23,46,-0.8298774126055833,-0.018040813317512682,46,17,17,20,3,3,
INV_30,2025-08-06,24,0.3112401327935004,0.012968338866395849,24,9,9,9,1,1,
INV_30,2025-09-09,45,-1.425004850185966,-0.031666774448577024,45,17,17,16,2,2,
INV_30,2025-12-10,21,-1.5153549881033541,-0.07215976133825495,21,9,9,9,1,1,
INV_30,2025-12-15,25,1.1195987757222006,0.04478395102888802,25,11,11,6,0,0,
INV_30,2025-12-19,31,-2.0217123722589654,-0.06521652813738597,31,11,11,18,4,4,
INV_30,2025-12-30,54,-2.586551630172835,-0.047899104262459906,54,18,18,19,3,3,
INV_30,2026-02-12,46,-7.833274979309257,-0.170288586506723,46,17,17,25,6,6,
INV_30,2026-02-25,44,-1.050317541193787,-0.023870853208949706,44,15,15,18,5,5,
INV_30,2026-03-02,42,0.8470819841768389,0.020168618670877117,42,15,15,9,2,2,
INV_30,2026-03-06,69,-3.7648536302397893,-0.05456309609043173,69,22,22,16,4,4,
INV_30,2026-04-15,35,-1.656457912374208,-0.047327368924977374,35,12,12,14,4,4,
INV_30,2026-05-06,71,-4.445437784898483,-0.06261179978730258,71,29,29,34,8,8,
INV_30,2026-05-12,70,6.2391241818744065,0.08913034545534866,70,28,27,31,9,9,
INV_30,2026-06-05,54,-2.8310294929072675,-0.05242647209087532,54,20,20,21,4,4,
INV_30,2026-06-24,88,-6.83276592329518,-0.0776450673101725,88,30,30,30,5,5,
BASE_4,2024-01-23,16,1.4594353988034072,0.09121471242521295,16,8,8,2,0,0,
BASE_4,2024-02-07,18,0.1399980517738489,0.007777669542991607,18,8,8,5,0,0,
BASE_4,2024-02-08,26,-0.9050281205221988,-0.034808773866238416,26,9,9,6,0,0,
BASE_4,2024-02-16,34,0.40979122443316857,0.01205268307156378,34,13,13,13,0,0,
BASE_4,2024-02-23,47,-0.09644181952080555,-0.00205195360682565,47,20,20,18,0,0,
BASE_4,2024-03-08,60,-1.3078387913775866,-0.021797313189626445,60,23,23,24,0,0,
BASE_4,2024-03-13,49,0.8829564585897365,0.018019519563055846,49,20,20,18,0,0,
BASE_4,2024-04-11,55,-1.410188679654463,-0.02563979417553569,55,20,20,24,0,0,
BASE_4,2024-05-06,57,-1.2835706678171543,-0.02251878364591499,57,21,21,15,0,0,
BASE_4,2024-05-07,44,-1.8100324487328787,-0.041137101107565424,44,16,16,20,0,0,
BASE_4,2024-05-14,71,-2.32085020098945,-0.03268803099985141,71,25,25,23,0,0,
BASE_4,2024-05-17,79,-0.8193649503032248,-0.01037170823168639,79,29,29,31,0,0,
BASE_4,2024-05-24,30,0.6457342336393594,0.021524474454645316,30,14,14,9,0,0,
BASE_4,2024-05-31,50,-1.2547072673852806,-0.025094145347705613,50,20,20,7,0,0,
BASE_4,2024-06-11,49,-1.1354271537979912,-0.02317198273057125,49,17,17,12,0,0,
BASE_4,2024-06-18,45,-2.195738441556993,-0.048794187590155406,45,15,15,20,0,0,
BASE_4,2024-06-24,43,-0.7548062873959983,-0.017553634590604612,43,16,16,7,0,0,
BASE_4,2024-06-25,58,-1.4010012172019137,-0.024155193400032995,58,21,21,17,0,0,
BASE_4,2024-06-26,52,0.08994570645139302,0.0017297251240652504,52,20,20,9,0,0,
BASE_4,2024-07-01,47,-0.4587591520797408,-0.009760833022973208,47,17,17,7,0,0,
BASE_4,2024-07-17,49,-1.863429096614103,-0.03802916523702251,49,19,19,24,0,0,
BASE_4,2024-07-18,49,-1.1741462254026374,-0.023962167865359946,49,21,21,12,0,0,
BASE_4,2024-07-31,76,-1.6074367974172978,-0.02115048417654339,76,28,28,14,0,0,
BASE_4,2024-08-13,41,-1.6639502090871854,-0.040584151441150865,41,14,14,6,0,0,
BASE_4,2024-08-19,40,-0.04479842595234615,-0.0011199606488086536,40,16,16,12,0,0,
BASE_4,2024-09-05,62,-2.249007870658564,-0.036274320494492966,62,23,23,23,0,0,
BASE_4,2024-09-12,83,-3.8517537118456557,-0.04640667122705609,83,31,31,37,0,0,
BASE_4,2024-10-18,71,-1.2097833070080621,-0.017039201507155804,71,25,25,17,0,0,
BASE_4,2024-10-23,78,-0.2676892186646001,-0.0034319130598025652,78,32,32,24,0,0,
BASE_4,2024-11-04,32,-1.0193346283857259,-0.03185420713705393,32,12,12,9,0,0,
BASE_4,2024-12-05,52,0.531311886384022,0.01021753627661581,52,21,21,9,0,0,
BASE_4,2025-01-29,49,-3.1579381830996076,-0.06444771802244097,49,18,18,33,0,0,
BASE_4,2025-02-19,36,-0.6392432300594918,-0.017756756390541438,36,16,15,15,0,0,
BASE_4,2025-02-27,71,-1.5193465900588305,-0.021399247747307473,71,26,26,15,0,0,
BASE_4,2025-03-24,46,-0.09628808192777187,-0.002093219172342867,46,19,19,11,0,0,
BASE_4,2025-04-09,80,-5.630948584345637,-0.07038685730432045,80,30,30,22,0,0,
BASE_4,2025-04-17,74,-3.8816108680393886,-0.052454200919451195,74,27,26,34,0,0,
BASE_4,2025-04-30,56,-3.0447796926544775,-0.05437106594025853,56,21,21,19,0,0,
BASE_4,2025-05-14,98,-3.8689184611832084,-0.039478759807991926,98,36,36,38,0,0,
BASE_4,2025-06-12,49,0.74795736859096,0.01526443609369306,49,20,20,9,0,0,
BASE_4,2025-06-13,75,-4.132730484334237,-0.055103073124456496,75,28,28,37,0,0,
BASE_4,2025-06-17,45,-2.49991382040101,-0.05555364045335578,45,16,16,19,0,0,
BASE_4,2025-07-07,53,0.4678427779401014,0.008827222225284932,53,23,23,20,0,0,
BASE_4,2025-07-23,62,-0.880095479258974,-0.014195088375144741,62,24,24,27,0,0,
BASE_4,2025-08-06,47,-1.9599564061568346,-0.04170120013099648,47,17,17,17,0,0,
BASE_4,2025-09-09,56,-2.158650265376764,-0.03854732616744221,56,22,22,26,0,0,
BASE_4,2025-12-10,38,0.11048265821500536,0.0029074383740790885,38,16,16,15,0,0,
BASE_4,2025-12-15,40,-0.2479217332026262,-0.006198043330065655,40,16,16,9,0,0,
BASE_4,2025-12-19,42,-2.6459454877276585,-0.06299870208875377,42,16,16,27,0,0,
BASE_4,2025-12-30,62,-2.7245317939474867,-0.043944061192701396,62,22,22,17,0,0,
BASE_4,2026-02-12,43,-10.17252243693353,-0.23657028923101234,43,18,18,21,0,0,
BASE_4,2026-02-25,54,-3.290180405387825,-0.060929266766441205,54,20,20,20,0,0,
BASE_4,2026-03-02,54,-0.8899548656518163,-0.01648064566021882,54,21,21,9,0,0,
BASE_4,2026-03-06,76,-5.24305105064074,-0.06898751382422026,76,27,27,17,0,0,
BASE_4,2026-04-15,51,-2.614388508423569,-0.051262519773011155,51,22,22,24,0,0,
BASE_4,2026-05-06,94,-4.582403967447438,-0.048748978377100405,94,41,41,38,0,0,
BASE_4,2026-05-12,88,-5.356999538268914,-0.06087499475305584,88,38,37,40,0,0,
BASE_4,2026-06-05,65,-2.841783701280292,-0.04371974925046603,65,26,26,23,0,0,
BASE_4,2026-06-24,109,-6.348815677227019,-0.05824601538740384,109,40,40,33,0,0,
BASE_10,2024-01-23,13,1.5007687321366727,0.1154437486258979,13,7,7,0,0,0,
BASE_10,2024-02-07,18,0.1399980517738489,0.007777669542991607,18,8,8,5,0,0,
BASE_10,2024-02-08,26,-0.9050281205221988,-0.034808773866238416,26,9,9,6,0,0,
BASE_10,2024-02-16,31,0.6031245577665535,0.019455630895695273,31,12,12,10,0,0,
BASE_10,2024-02-23,39,0.36443331514821387,0.00934444397815933,39,17,17,15,0,0,
BASE_10,2024-03-08,54,-1.039291862116291,-0.01924614559474613,54,21,21,24,0,0,
BASE_10,2024-03-13,46,0.9583061089394203,0.020832741498683048,46,19,19,18,0,0,
BASE_10,2024-04-11,49,-0.8751518181484245,-0.01786024118670254,49,18,18,21,0,0,
BASE_10,2024-05-06,44,-1.508234604728538,-0.034278059198375864,44,16,16,12,0,0,
BASE_10,2024-05-07,44,-1.8100324487328787,-0.041137101107565424,44,16,16,20,0,0,
BASE_10,2024-05-14,68,-2.2114633948284186,-0.03252152051218263,68,24,24,23,0,0,
BASE_10,2024-05-17,79,-0.8193649503032248,-0.01037170823168639,79,29,29,31,0,0,
BASE_10,2024-05-24,28,0.5009973915340803,0.01789276398336001,28,13,13,9,0,0,
BASE_10,2024-05-31,44,-1.0738228902344722,-0.024405065687147096,44,18,18,7,0,0,
BASE_10,2024-06-11,46,-0.9493160426868599,-0.0206373052758013,46,16,16,12,0,0,
BASE_10,2024-06-18,45,-2.195738441556993,-0.048794187590155406,45,15,15,20,0,0,
BASE_10,2024-06-24,35,-0.6455439313945135,-0.018444112325557527,35,13,13,7,0,0,
BASE_10,2024-06-25,52,-1.054137271623707,-0.02027187060814821,52,19,19,14,0,0,
BASE_10,2024-06-26,52,0.08994570645139302,0.0017297251240652504,52,20,20,9,0,0,
BASE_10,2024-07-01,41,-0.15419292516889982,-0.0037608030528999956,41,15,15,7,0,0,
BASE_10,2024-07-17,43,-1.5209075726852463,-0.03536994355081968,43,17,17,24,0,0,
BASE_10,2024-07-18,44,-1.4059669631192264,-0.03195379461634606,44,17,17,12,0,0,
BASE_10,2024-07-31,71,-1.171314179355856,-0.016497382807828958,71,26,26,14,0,0,
BASE_10,2024-08-13,35,-1.2143275561664573,-0.03469507303332735,35,12,12,6,0,0,
BASE_10,2024-08-19,34,0.17022620458935,0.005006653076157353,34,14,14,12,0,0,
BASE_10,2024-09-05,43,-0.8608057886276583,-0.02001873927041066,43,16,16,20,0,0,
BASE_10,2024-09-12,80,-3.7234203785124014,-0.04654275473140502,80,30,30,34,0,0,
BASE_10,2024-10-18,68,-1.123283307008175,-0.016518872161884926,68,24,24,14,0,0,
BASE_10,2024-10-23,72,0.09576606588825598,0.0013300842484479996,72,30,30,21,0,0,
BASE_10,2024-11-04,26,-0.6712277471313731,-0.02581645181274512,26,10,10,9,0,0,
BASE_10,2024-12-05,52,0.531311886384022,0.01021753627661581,52,21,21,9,0,0,
BASE_10,2025-01-29,49,-3.1579381830996076,-0.06444771802244097,49,18,18,33,0,0,
BASE_10,2025-02-19,36,-0.6392432300594918,-0.017756756390541438,36,16,15,15,0,0,
BASE_10,2025-02-27,64,-1.6516783650539157,-0.025807474453967433,64,23,23,15,0,0,
BASE_10,2025-03-24,46,-0.09628808192777187,-0.002093219172342867,46,19,19,11,0,0,
BASE_10,2025-04-09,66,-3.671936552827295,-0.055635402315565075,66,25,25,16,0,0,
BASE_10,2025-04-17,68,-3.2249646885115912,-0.047425951301641046,68,24,24,31,0,0,
BASE_10,2025-04-30,53,-2.7059988885039274,-0.0510565828019609,53,20,20,19,0,0,
BASE_10,2025-05-14,92,-3.496649455335349,-0.038007059297123356,92,34,34,35,0,0,
BASE_10,2025-06-12,46,0.847957368590869,0.018433855838931933,46,19,19,9,0,0,
BASE_10,2025-06-13,68,-3.778993642228822,-0.05557343591512973,68,25,25,31,0,0,
BASE_10,2025-06-17,40,-2.5089781478864097,-0.06272445369716025,40,14,14,19,0,0,
BASE_10,2025-07-07,47,0.6942316668288792,0.014770886528274024,47,21,21,17,0,0,
BASE_10,2025-07-23,53,-0.4324140633296641,-0.008158755911880455,53,21,21,21,0,0,
BASE_10,2025-08-06,41,-1.6953224331643166,-0.04134932763815406,41,15,15,14,0,0,
BASE_10,2025-09-09,50,-1.6269835987103154,-0.032539671974206305,50,20,20,20,0,0,
BASE_10,2025-12-10,29,-0.4906815048937763,-0.016920051892888838,29,12,12,12,0,0,
BASE_10,2025-12-15,31,0.25100722642552376,0.008097007304049154,31,13,13,9,0,0,
BASE_10,2025-12-19,36,-2.507045705591736,-0.06964015848865933,36,14,14,24,0,0,
BASE_10,2025-12-30,62,-2.7245317939474867,-0.043944061192701396,62,22,22,17,0,0,
BASE_10,2026-02-12,40,-9.921674979306166,-0.24804187448265416,40,17,17,21,0,0,
BASE_10,2026-02-25,48,-2.3413515765587363,-0.04877815784497367,48,18,18,18,0,0,
BASE_10,2026-03-02,48,-0.8526097317993238,-0.017762702745819245,48,18,18,9,0,0,
BASE_10,2026-03-06,73,-4.365384383974137,-0.05979978608183749,73,26,26,14,0,0,
BASE_10,2026-04-15,40,-2.292332952866976,-0.0573083238216744,40,18,18,15,0,0,
BASE_10,2026-05-06,84,-4.463224574621867,-0.05313362588835556,84,36,36,35,0,0,
BASE_10,2026-05-12,85,-5.058407988973158,-0.05951068222321363,85,37,36,40,0,0,
BASE_10,2026-06-05,55,-2.4854739373507377,-0.045190435224558866,55,22,22,20,0,0,
BASE_10,2026-06-24,97,-5.715575870193183,-0.058923462579311164,97,36,36,27,0,0,
