config,day,n_trades,pnl_total,ev_per_trade,n_fills,n_signals_emitted,n_signals_consumed,n_soft_stops,n_inv_trades_submitted,n_inv_trades_filled,n_alignment_skipped,n_entry_aligned,n_entry_opposed,n_entry_unknown,error
BASELINE,2024-01-23,18,1.2758910950059696,0.07088283861144276,18,9,9,2,0,0,396,11,6,1,
BASELINE,2024-02-20,40,-0.7552580078314957,-0.01888145019578739,40,14,14,18,0,0,236,17,23,0,
BASELINE,2024-02-27,43,-0.8084224354693106,-0.018800521755100247,43,16,16,18,0,0,607,18,25,0,
BASELINE,2024-03-18,54,-1.579016930660449,-0.029241054271489795,54,20,20,28,0,0,981,21,30,3,
BASELINE,2024-04-17,59,0.018783690965544116,0.0003183676434837986,59,22,22,31,0,0,533,20,39,0,
BASELINE,2024-05-13,86,-0.5861311089838638,-0.0068154780114402765,86,33,33,31,0,0,594,42,44,0,
BASELINE,2024-05-14,74,-2.4430724232117127,-0.033014492205563684,74,26,26,23,0,0,46,33,38,3,
BASELINE,2024-05-21,48,0.711006676174596,0.01481263908697075,48,20,20,15,0,0,945,24,24,0,
BASELINE,2024-05-24,30,0.6457342336393594,0.021524474454645316,30,14,14,9,0,0,724,10,20,0,
BASELINE,2024-06-10,57,1.0722936884321825,0.01881216997249443,57,23,23,12,0,0,233,23,34,0,
BASELINE,2024-07-02,40,-0.7976267862938282,-0.019940669657345707,40,14,14,12,0,0,64,21,19,0,
BASELINE,2024-07-03,100,-1.3620282880372845,-0.013620282880372845,100,39,39,24,0,0,993,64,33,3,
BASELINE,2024-08-09,62,-1.233130420727927,-0.019889200334321403,62,24,24,19,0,0,605,33,29,0,
BASELINE,2024-11-06,99,0.05228050470638366,0.0005280859061250875,99,41,41,22,0,0,760,58,41,0,
BASELINE,2024-11-19,60,-2.1375289398401947,-0.03562548233066991,60,24,24,18,0,0,541,32,28,0,
BASELINE,2024-12-23,74,-0.6888778575513849,-0.009309160237180876,74,28,28,18,0,0,845,48,26,0,
BASELINE,2025-02-17,29,-1.574140366607632,-0.05428070229681489,29,12,12,6,0,0,61,17,9,3,
BASELINE,2025-03-12,39,1.002498184817038,0.025705081661975333,39,17,17,9,0,0,515,25,14,0,
BASELINE,2025-04-14,43,-0.19301599493095026,-0.004488744068161634,43,17,17,6,0,0,72,24,19,0,
BASELINE,2025-06-06,75,-4.005291018390835,-0.05340388024521114,75,30,30,32,0,0,383,39,36,0,
BASELINE,2025-07-09,83,-2.1677288084451902,-0.026117214559580604,83,30,30,28,0,0,348,37,46,0,
BASELINE,2025-07-10,33,-0.9751454530257131,-0.0295498622129004,33,12,12,12,0,0,622,20,13,0,
BASELINE,2025-07-14,76,-2.1545650501366254,-0.02834954013337665,76,30,30,34,0,0,382,35,41,0,
BASELINE,2025-08-01,59,-1.0256681169322897,-0.017384205371733723,59,25,25,27,0,0,510,18,41,0,
BASELINE,2025-09-03,88,-3.8074197149398974,-0.04326613312431701,88,32,32,27,0,0,207,52,36,0,
BASELINE,2026-01-19,28,0.05979411745768936,0.002135504194917477,28,10,10,3,0,0,130,19,9,0,
BASELINE,2026-02-03,95,-19.220977598839454,-0.20232607998778374,95,36,36,59,0,0,36,24,71,0,
BASELINE,2026-04-09,98,-6.598213002347317,-0.06732870410558488,98,36,36,39,0,0,225,55,34,9,
BASELINE,2026-05-26,69,-3.7064194554401793,-0.05371622399188666,69,25,25,33,0,0,350,31,38,0,
BASELINE,2026-06-23,91,-4.119491375183618,-0.045269135991028775,91,36,36,31,0,0,330,55,33,3,
INV_TRADE,2024-01-23,18,1.2758910950059696,0.07088283861144276,18,9,9,2,0,0,396,11,6,1,
INV_TRADE,2024-02-20,41,-1.072258007831503,-0.02615263433735373,41,14,14,19,1,1,236,17,24,0,
INV_TRADE,2024-02-27,44,-1.3884224354692378,-0.03155505535157359,44,16,16,19,1,1,607,18,26,0,
INV_TRADE,2024-03-18,56,-1.6050169306602888,-0.028661016618933728,56,20,20,29,2,2,981,21,32,3,
INV_TRADE,2024-04-17,64,-1.5642163090340848,-0.024440879828657575,64,22,22,36,5,5,533,20,44,0,
INV_TRADE,2024-05-13,88,-0.25553110898408704,-0.0029037626020918983,88,33,33,32,2,2,594,42,46,0,
INV_TRADE,2024-05-14,78,-1.650472423211492,-0.021159902861685793,78,26,26,25,4,4,46,33,42,3,
INV_TRADE,2024-05-21,50,-0.3259933238252112,-0.006519866476504223,50,20,20,17,2,2,945,24,26,0,
INV_TRADE,2024-05-24,32,-0.10426576636064055,-0.0032583051987700173,32,14,14,11,2,2,724,10,22,0,
INV_TRADE,2024-06-10,60,0.11529368843230266,0.001921561473871711,60,23,23,15,3,3,233,23,37,0,
INV_TRADE,2024-07-02,42,-1.6346267862938173,-0.03891968538794803,42,14,14,14,2,2,64,21,21,0,
INV_TRADE,2024-07-03,104,0.4469717119642761,0.004297804922733424,104,39,39,25,4,4,993,64,37,3,
INV_TRADE,2024-08-09,65,-0.9731304207281634,-0.014971237241971745,65,24,24,21,3,3,605,33,32,0,
INV_TRADE,2024-11-06,104,0.1692805047065728,0.0016276971606401232,104,41,41,26,5,5,760,58,46,0,
INV_TRADE,2024-11-19,63,-1.1755289398392963,-0.01865918952125867,63,24,24,18,3,3,541,32,31,0,
INV_TRADE,2024-12-23,78,-0.8148778575515886,-0.010447152019892162,78,28,28,21,4,4,845,48,30,0,
INV_TRADE,2025-02-17,29,-1.574140366607632,-0.05428070229681489,29,12,12,6,0,0,61,17,9,3,
INV_TRADE,2025-03-12,40,0.8524981848169472,0.02131245462042368,40,17,17,10,1,1,515,25,15,0,
INV_TRADE,2025-04-14,43,-0.19301599493095026,-0.004488744068161634,43,17,17,6,0,0,72,24,19,0,
INV_TRADE,2025-06-06,82,-6.170891018391558,-0.07525476851697022,82,30,30,37,7,7,383,39,43,0,
INV_TRADE,2025-07-09,85,-0.9497288084453432,-0.01117328009935698,85,30,30,29,2,2,348,37,48,0,
INV_TRADE,2025-07-10,35,-0.9251454530255312,-0.02643272722930089,35,12,12,13,2,2,622,20,15,0,
INV_TRADE,2025-07-14,82,0.7090349498639625,0.008646767681267835,82,30,30,36,6,6,382,35,47,0,
INV_TRADE,2025-08-01,65,-0.9738681169339239,-0.01498258641436806,65,25,25,30,6,6,510,18,47,0,
INV_TRADE,2025-09-03,90,-3.0294197149401048,-0.033660219054890056,90,32,32,28,2,2,207,52,38,0,
INV_TRADE,2026-01-19,29,-0.6802058825420924,-0.023455375260072152,29,10,10,4,1,1,130,19,10,0,
INV_TRADE,2026-02-03,116,1.0450224011592573,0.009008813803097045,116,36,36,70,21,21,36,24,92,0,
INV_TRADE,2026-04-09,107,0.027386997649348682,0.0002559532490593335,107,36,36,42,9,9,225,55,43,9,
INV_TRADE,2026-05-26,76,-0.6134194554430604,-0.008071308624250794,76,25,25,39,7,7,350,31,45,0,
INV_TRADE,2026-06-23,97,-3.785491375185605,-0.03902568428026397,97,36,36,35,6,6,330,55,39,3,
INV_TRADE_PLUS,2024-01-23,18,0.8148224248860364,0.04526791249366869,18,9,9,2,0,0,394,11,6,1,
INV_TRADE_PLUS,2024-02-20,41,-1.1638808148490323,-0.028387336947537374,41,14,14,19,1,1,222,17,24,0,
INV_TRADE_PLUS,2024-02-27,44,-1.734887021090799,-0.03942925047933634,44,16,16,19,1,1,287,18,26,0,
INV_TRADE_PLUS,2024-03-18,56,-1.431435861405589,-0.025561354667956948,56,20,20,28,2,2,675,21,32,3,
INV_TRADE_PLUS,2024-04-17,64,-2.118109864790464,-0.033095466637351,64,22,22,36,5,5,395,20,44,0,
INV_TRADE_PLUS,2024-05-13,88,-1.3132342043618337,-0.014923115958657201,88,33,33,32,2,2,463,42,46,0,
INV_TRADE_PLUS,2024-05-14,78,-2.026138153829379,-0.02597613017729973,78,26,26,25,4,4,46,33,42,3,
INV_TRADE_PLUS,2024-05-21,50,-0.530835976489622,-0.01061671952979244,50,20,20,17,2,2,900,24,26,0,
INV_TRADE_PLUS,2024-05-24,32,-0.9677911535269839,-0.030243473547718246,32,14,14,11,2,2,569,10,22,0,
INV_TRADE_PLUS,2024-06-10,60,-0.9272036074492765,-0.015453393457487943,60,23,23,13,3,3,144,23,37,0,
INV_TRADE_PLUS,2024-07-02,42,-1.8445241477443233,-0.04391724161296008,42,14,14,14,2,2,51,21,21,0,
INV_TRADE_PLUS,2024-07-03,104,-0.8190368227121024,-0.007875354064539446,104,39,39,25,4,4,868,64,37,3,
INV_TRADE_PLUS,2024-08-09,65,-1.3356310602128665,-0.020548170157121022,65,24,24,21,3,3,592,33,32,0,
INV_TRADE_PLUS,2024-11-06,104,-0.0480664340689145,-0.0004621772506626394,104,41,41,26,5,5,760,58,46,0,
INV_TRADE_PLUS,2024-11-19,63,-1.6897513063701508,-0.026821449307462712,63,24,24,18,3,3,415,32,31,0,
INV_TRADE_PLUS,2024-12-23,78,-0.6844738420484949,-0.008775305667288397,78,28,28,21,4,4,813,48,30,0,
INV_TRADE_PLUS,2025-02-17,29,-1.7379864198684725,-0.05993056620236112,29,12,12,6,0,0,59,17,9,3,
INV_TRADE_PLUS,2025-03-12,40,0.33876892793174807,0.008469223198293702,40,17,17,9,1,1,419,25,15,0,
INV_TRADE_PLUS,2025-04-14,43,-0.42893449144988455,-0.009975220731392663,43,17,17,6,0,0,71,24,19,0,
INV_TRADE_PLUS,2025-06-06,82,-6.3398470623477206,-0.07731520807741123,82,30,30,37,7,7,383,39,43,0,
INV_TRADE_PLUS,2025-07-09,85,-1.5101678611858917,-0.017766680719834022,85,30,30,28,2,2,337,37,48,0,
INV_TRADE_PLUS,2025-07-10,35,-0.8866792250441905,-0.025333692144119728,35,12,12,13,2,2,620,20,15,0,
INV_TRADE_PLUS,2025-07-14,82,0.8615278777281976,0.010506437533270702,82,30,30,36,6,6,382,35,47,0,
INV_TRADE_PLUS,2025-08-01,65,-1.0556031744775585,-0.016240048838116285,65,25,25,30,6,6,504,18,47,0,
INV_TRADE_PLUS,2025-09-03,90,-3.058701210432749,-0.03398556900480832,90,32,32,28,2,2,196,52,38,0,
INV_TRADE_PLUS,2026-01-19,29,-1.1761573526473512,-0.04055715009128797,29,10,10,4,1,1,130,19,10,0,
INV_TRADE_PLUS,2026-02-03,116,1.671845930303788,0.014412464916411965,116,36,36,69,21,21,31,24,92,0,
INV_TRADE_PLUS,2026-04-09,107,-0.32872095203189666,-0.0030721584302046416,107,36,36,41,9,9,154,55,43,9,
INV_TRADE_PLUS,2026-05-26,76,-0.8038678968390136,-0.01057720916893439,76,25,25,39,7,7,194,31,45,0,
INV_TRADE_PLUS,2026-06-23,97,-3.785491375185605,-0.03902568428026397,97,36,36,35,6,6,330,55,39,3,
