config,day,n_trades,pnl_total,ev_per_trade,avg_hold_sec,p25_hold_sec,p50_hold_sec,p75_hold_sec,p90_hold_sec,p95_hold_sec,n_fvg,n_ifvg,n_orb,n_wyckoff,n_sweep,n_inv,n_fills,n_signals_emitted,n_soft_stops,error
BASELINE,2024-01-02,30,0.18304500747732774,0.006101500249244258,85.53333333333333,0.0,0.5,52.0,193.30000000000004,458.3999999999988,6,24,0,0,0,0,30,14,12,
BASELINE,2024-01-22,48,-0.7962910182084216,-0.01658939621267545,51.125,0.0,8.5,40.25,143.3,238.8999999999998,15,33,0,0,0,0,48,16,16,
BASELINE,2024-01-23,18,1.2758910950059696,0.07088283861144276,89.0,5.75,27.0,141.0,300.00000000000006,344.2999999999999,10,8,0,0,0,0,18,9,2,
BASELINE,2024-01-24,53,-1.5471984061454502,-0.029192422757461325,11.566037735849056,0.0,1.0,11.0,34.400000000000055,68.19999999999999,15,38,0,0,0,0,53,21,18,
BASELINE,2024-02-05,72,-0.285555061672388,-0.003966042523227611,48.763888888888886,1.0,12.0,36.75,144.39999999999998,196.90000000000006,24,48,0,0,0,0,72,27,28,
BASELINE,2024-02-06,31,-0.5391888331322056,-0.017393188165555018,25.967741935483872,1.5,8.0,16.0,68.0,119.5,2,29,0,0,0,0,31,11,14,
BASELINE,2024-02-14,28,0.2662273252089259,0.00950811875746164,81.17857142857143,0.0,15.5,89.0,199.50000000000003,369.74999999999966,7,21,0,0,0,0,28,12,9,
BASELINE,2024-02-20,40,-0.7552580078314957,-0.01888145019578739,38.725,0.0,5.0,58.75,119.00000000000001,144.89999999999995,10,30,0,0,0,0,40,14,18,
BASELINE,2024-03-05,52,-1.5790016678348973,-0.03036541668913264,45.51923076923077,0.75,4.0,23.75,87.8,195.99999999999991,23,29,0,0,0,0,52,20,12,
BASELINE,2024-03-08,66,-1.6586862490045557,-0.02513160983340236,22.09090909090909,0.0,0.0,6.75,54.0,90.5,15,51,0,0,0,0,66,25,24,
BASELINE,2024-04-04,27,-0.10534708303354512,-0.0039017438160572266,69.44444444444444,0.0,2.0,7.0,71.20000000000009,595.3999999999995,15,12,0,0,0,0,27,11,3,
BASELINE,2024-04-26,50,-2.0482107258365736,-0.04096421451673147,19.84,0.0,1.0,11.75,38.50000000000001,74.79999999999984,12,38,0,0,0,0,50,19,17,
BASELINE,2024-04-29,51,-0.9787457280444869,-0.019191092706754644,35.94117647058823,0.0,6.0,35.5,76.0,96.0,13,38,0,0,0,0,51,19,20,
BASELINE,2024-05-02,89,-1.4773855273239558,-0.016599837385662425,29.640449438202246,0.0,3.0,25.0,85.2,144.79999999999964,30,59,0,0,0,0,89,33,22,
BASELINE,2024-05-06,60,-1.3829040011504123,-0.023048400019173538,16.266666666666666,0.0,1.0,9.0,51.30000000000002,79.44999999999997,24,36,0,0,0,0,60,22,18,
BASELINE,2024-05-09,81,-1.1949353297618472,-0.0147522880217512,21.962962962962962,0.0,2.0,10.0,45.0,120.0,20,61,0,0,0,0,81,31,20,
BASELINE,2024-05-15,43,0.5516443021908041,0.012828937260251257,29.976744186046513,0.0,1.0,12.5,43.80000000000009,139.29999999999987,16,27,0,0,0,0,43,18,5,
BASELINE,2024-05-22,79,-2.3059532407041843,-0.029189281527901068,13.69620253164557,0.0,1.0,8.0,37.000000000000014,67.59999999999985,26,53,0,0,0,0,79,28,21,
BASELINE,2024-05-31,53,-1.6847072673852685,-0.031786929573306956,7.830188679245283,0.0,1.0,7.0,21.400000000000013,37.8,12,41,0,0,0,0,53,21,10,
BASELINE,2024-06-05,58,-1.8728569207743628,-0.03229063656507522,33.0,0.0,2.0,17.75,89.20000000000002,144.34999999999994,10,48,0,0,0,0,58,20,25,
INV_TRADE_ON,2024-01-02,32,2.145045007476862,0.06703265648365193,95.96875,0.0,1.5,65.25,219.70000000000007,491.4999999999998,6,24,0,0,0,2,32,14,12,
INV_TRADE_ON,2024-01-22,48,-0.7962910182084216,-0.01658939621267545,51.125,0.0,8.5,40.25,143.3,238.8999999999998,15,33,0,0,0,0,48,16,16,
INV_TRADE_ON,2024-01-23,18,1.2758910950059696,0.07088283861144276,89.0,5.75,27.0,141.0,300.00000000000006,344.2999999999999,10,8,0,0,0,0,18,9,2,
INV_TRADE_ON,2024-01-24,53,-1.5471984061454502,-0.029192422757461325,11.566037735849056,0.0,1.0,11.0,34.400000000000055,68.19999999999999,15,38,0,0,0,0,53,21,18,
INV_TRADE_ON,2024-02-05,74,1.2678449383283048,0.017133039707139253,61.527027027027025,1.0,13.0,51.75,170.60000000000005,290.8499999999991,24,48,0,0,0,2,74,27,28,
INV_TRADE_ON,2024-02-06,35,-0.029188833132214646,-0.0008339666609204184,35.885714285714286,2.0,9.0,25.5,83.80000000000003,184.89999999999964,2,29,0,0,0,4,35,11,16,
INV_TRADE_ON,2024-02-14,30,0.7702273252086039,0.02567424417362013,84.3,0.25,18.0,89.0,194.50000000000003,346.2499999999993,7,21,0,0,0,2,30,12,10,
INV_TRADE_ON,2024-02-20,41,-1.072258007831503,-0.02615263433735373,42.97560975609756,0.0,5.0,61.0,128.0,162.0,10,30,0,0,0,1,41,14,19,
INV_TRADE_ON,2024-03-05,54,-2.196001667834632,-0.040666697552493185,46.851851851851855,1.0,5.5,26.0,119.50000000000013,193.9999999999999,23,29,0,0,0,2,54,20,14,
INV_TRADE_ON,2024-03-08,67,-2.798686249004883,-0.041771436552311685,22.328358208955223,0.0,0.0,7.5,52.59999999999998,89.79999999999994,15,51,0,0,0,1,67,25,25,
INV_TRADE_ON,2024-04-04,28,-0.6053470830335451,-0.021619538679769467,70.28571428571429,0.0,2.5,9.25,94.2,559.799999999999,15,12,0,0,0,1,28,11,4,
INV_TRADE_ON,2024-04-26,53,-3.31821072583701,-0.06260774954409454,21.471698113207548,0.0,1.0,13.0,42.00000000000002,97.6,12,38,0,0,0,3,53,19,20,
INV_TRADE_ON,2024-04-29,55,-1.085745728044003,-0.019740831418981874,45.27272727272727,0.0,8.0,37.0,78.2,270.0999999999993,13,38,0,0,0,4,55,19,23,
INV_TRADE_ON,2024-05-02,93,-2.824385527324163,-0.030369736852947988,35.483870967741936,0.0,4.0,33.0,90.8,190.7999999999999,30,59,0,0,0,4,93,33,26,
INV_TRADE_ON,2024-05-06,62,-2.1119040011497723,-0.0340629677604802,15.85483870967742,0.0,1.0,9.0,50.0,78.64999999999998,24,36,0,0,0,2,62,22,20,
INV_TRADE_ON,2024-05-09,82,-0.5649353297621927,-0.00688945524100235,23.29268292682927,0.0,2.0,10.75,53.10000000000005,126.65000000000002,20,61,0,0,0,1,82,31,20,
INV_TRADE_ON,2024-05-15,45,0.0866443021906586,0.0019254289375701913,29.133333333333333,0.0,1.0,14.0,39.60000000000003,129.59999999999974,16,27,0,0,0,2,45,18,7,
INV_TRADE_ON,2024-05-22,82,-2.2819532407038423,-0.027828698057363932,14.414634146341463,0.0,1.0,10.5,40.50000000000003,75.45000000000003,26,53,0,0,0,3,82,28,23,
INV_TRADE_ON,2024-05-31,56,-0.20170726738463912,-0.0036019154890114128,11.821428571428571,0.0,1.0,9.0,38.0,51.0,12,41,0,0,0,3,56,21,11,
INV_TRADE_ON,2024-06-05,65,2.523143079225823,0.03881758583424343,53.0,0.0,2.0,28.0,94.4,221.9999999999999,10,48,0,0,0,7,65,20,27,
SOFT_STOP_OFF,2024-01-02,30,0.4774240394779858,0.015914134649266193,80.0,0.0,0.5,24.5,193.30000000000004,458.3999999999988,6,24,0,0,0,0,30,14,0,
SOFT_STOP_OFF,2024-01-22,48,-0.7082064368361596,-0.014754300767419992,46.9375,0.0,5.0,30.25,90.70000000000005,284.75,15,33,0,0,0,0,48,16,0,
SOFT_STOP_OFF,2024-01-23,18,1.2945919290118582,0.07192177383399212,89.0,5.75,27.0,141.0,299.70000000000005,343.44999999999993,10,8,0,0,0,0,18,9,0,
SOFT_STOP_OFF,2024-01-24,53,-1.3926023783684136,-0.026275516572988936,11.735849056603774,0.0,2.0,9.0,36.20000000000002,70.6,15,38,0,0,0,0,53,21,0,
SOFT_STOP_OFF,2024-02-05,72,-0.1940586281191372,-0.0026952587238769058,48.541666666666664,0.0,11.0,40.5,144.39999999999998,196.00000000000006,24,48,0,0,0,0,72,27,0,
SOFT_STOP_OFF,2024-02-06,31,-0.5140242460679474,-0.016581427292514432,28.419354838709676,0.0,3.0,13.0,68.0,192.0,2,29,0,0,0,0,31,11,0,
SOFT_STOP_OFF,2024-02-14,28,0.1228220220539242,0.00438650078764015,60.107142857142854,0.0,4.5,36.5,143.70000000000005,208.24999999999997,7,21,0,0,0,0,28,12,0,
SOFT_STOP_OFF,2024-02-20,40,-0.6505662454415718,-0.016264156136039296,46.375,0.0,7.0,61.75,129.60000000000002,169.74999999999955,10,30,0,0,0,0,40,14,0,
SOFT_STOP_OFF,2024-03-05,52,-1.1193798822552405,-0.021526536197216166,45.15384615384615,0.0,3.5,26.0,87.8,195.99999999999991,23,29,0,0,0,0,52,20,0,
SOFT_STOP_OFF,2024-03-08,66,-1.3399968955101638,-0.02030298326530551,22.21212121212121,0.0,0.0,6.75,54.0,90.5,15,51,0,0,0,0,66,25,0,
SOFT_STOP_OFF,2024-04-04,27,-0.04084257852900914,-0.0015126880936670052,69.25925925925925,0.0,0.0,7.0,71.20000000000009,595.3999999999995,15,12,0,0,0,0,27,11,0,
SOFT_STOP_OFF,2024-04-26,50,-1.62717607581817,-0.032543521516363395,18.06,0.0,0.0,3.75,38.50000000000001,74.79999999999984,12,38,0,0,0,0,50,19,0,
SOFT_STOP_OFF,2024-04-29,51,-1.069291253618303,-0.020966495168986334,35.509803921568626,0.0,2.0,18.5,77.0,137.5,13,38,0,0,0,0,51,19,0,
SOFT_STOP_OFF,2024-05-02,89,-1.3750659208400673,-0.015450178885843453,28.93258426966292,0.0,3.0,17.0,85.2,144.79999999999964,30,59,0,0,0,0,89,33,0,
SOFT_STOP_OFF,2024-05-06,60,-0.9467456372303786,-0.015779093953839644,16.683333333333334,0.0,1.0,9.5,51.30000000000002,79.44999999999997,24,36,0,0,0,0,60,22,0,
SOFT_STOP_OFF,2024-05-09,81,-1.026978366841528,-0.012678745269648494,20.666666666666668,0.0,1.0,8.0,44.0,120.0,20,61,0,0,0,0,81,31,0,
SOFT_STOP_OFF,2024-05-15,43,0.5036916398858011,0.011713759067111654,29.813953488372093,0.0,1.0,12.5,43.80000000000009,139.29999999999987,16,27,0,0,0,0,43,18,0,
SOFT_STOP_OFF,2024-05-22,79,-2.5147482281848474,-0.031832256052972754,13.962025316455696,0.0,1.0,6.5,41.2,67.59999999999985,26,53,0,0,0,0,79,28,0,
SOFT_STOP_OFF,2024-05-31,53,-1.4115870087733433,-0.026633717146666853,8.18867924528302,0.0,1.0,6.0,31.60000000000005,39.8,12,41,0,0,0,0,53,21,0,
SOFT_STOP_OFF,2024-06-05,58,-1.6418785878749986,-0.02830825151508618,29.655172413793103,0.0,1.0,13.75,82.90000000000006,144.34999999999994,10,48,0,0,0,0,58,20,0,
PIERCE_TIGHT,2024-01-02,30,1.3317036974729795,0.044390123249099314,94.0,0.0,0.5,59.0,223.70000000000002,461.5499999999988,12,18,0,0,0,0,30,14,6,
PIERCE_TIGHT,2024-01-22,48,-1.0163968383142978,-0.021174934131547873,50.3125,0.0,6.0,40.25,143.3,238.8999999999998,15,33,0,0,0,0,48,16,16,
PIERCE_TIGHT,2024-01-23,21,1.0437625809498363,0.0497029800452303,80.0,4.0,25.0,93.0,285.0,335.0,13,8,0,0,0,0,21,10,2,
PIERCE_TIGHT,2024-01-24,53,-1.5705317394786866,-0.02963267432978654,11.245283018867925,0.0,1.0,11.0,34.400000000000055,68.19999999999999,15,38,0,0,0,0,53,21,15,
PIERCE_TIGHT,2024-02-05,72,-0.19644186783345202,-0.0027283592754646113,51.06944444444444,1.0,13.5,47.25,144.39999999999998,196.90000000000006,24,48,0,0,0,0,72,27,25,
PIERCE_TIGHT,2024-02-06,31,-0.5391888331322056,-0.017393188165555018,25.967741935483872,1.5,8.0,16.0,68.0,119.5,2,29,0,0,0,0,31,11,14,
PIERCE_TIGHT,2024-02-14,25,-0.024016577230061908,-0.0009606630892024763,67.28,0.0,6.0,48.0,164.4000000000001,211.99999999999994,7,18,0,0,0,0,25,11,9,
PIERCE_TIGHT,2024-02-20,40,-0.9719246744980411,-0.02429811686245103,37.925,0.0,5.0,58.75,119.00000000000001,144.89999999999995,10,30,0,0,0,0,40,14,18,
PIERCE_TIGHT,2024-03-05,52,-1.429847078462899,-0.027497059201209595,45.51923076923077,1.0,4.0,23.75,87.8,195.99999999999991,23,29,0,0,0,0,52,20,12,
PIERCE_TIGHT,2024-03-08,67,-1.6936104405986043,-0.025277767770128422,21.73134328358209,0.0,0.0,5.5,52.59999999999998,89.79999999999994,18,49,0,0,0,0,67,26,24,
PIERCE_TIGHT,2024-04-04,27,-0.10534708303369672,-0.0039017438160628415,69.88888888888889,0.0,3.0,8.5,71.20000000000009,595.3999999999995,18,9,0,0,0,0,27,11,3,
PIERCE_TIGHT,2024-04-26,50,-2.0482107258365736,-0.04096421451673147,19.84,0.0,1.0,11.75,38.50000000000001,74.79999999999984,12,38,0,0,0,0,50,19,17,
PIERCE_TIGHT,2024-04-29,48,-0.4228438521422504,-0.008809246919630217,38.125,0.0,7.0,26.5,77.60000000000001,118.19999999999999,16,32,0,0,0,0,48,18,17,
PIERCE_TIGHT,2024-05-02,89,-1.4673855273238892,-0.01648747783509988,29.584269662921347,0.0,3.0,25.0,85.2,144.79999999999964,30,59,0,0,0,0,89,33,22,
PIERCE_TIGHT,2024-05-06,54,-1.1322076588454972,-0.020966808497138837,17.555555555555557,0.0,1.0,9.0,59.10000000000004,82.14999999999995,24,30,0,0,0,0,54,20,12,
PIERCE_TIGHT,2024-05-09,75,-0.904404475544652,-0.01205872634059536,23.626666666666665,0.0,2.0,14.0,50.40000000000008,122.09999999999998,20,55,0,0,0,0,75,30,17,
PIERCE_TIGHT,2024-05-15,43,0.5635922709739134,0.013106796999393334,30.232558139534884,0.0,1.0,14.5,43.80000000000009,139.29999999999987,19,24,0,0,0,0,43,18,5,
PIERCE_TIGHT,2024-05-22,73,-1.9581020010346037,-0.026823315082665805,14.863013698630137,0.0,2.0,9.0,39.999999999999986,75.39999999999978,29,44,0,0,0,0,73,26,18,
PIERCE_TIGHT,2024-05-31,53,-1.884707267385238,-0.03556051447896676,7.60377358490566,0.0,1.0,6.0,21.400000000000013,37.8,12,41,0,0,0,0,53,21,12,
PIERCE_TIGHT,2024-06-05,58,-1.8728569207743628,-0.03229063656507522,33.0,0.0,2.0,17.75,89.20000000000002,144.34999999999994,10,48,0,0,0,0,58,20,25,
INVERSE_BREADTH_OFF,2024-01-02,30,1.4090834166665143,0.046969447222217145,553.9666666666667,0.0,14.5,76.0,401.50000000000125,1532.5499999999981,6,24,0,0,0,0,30,14,12,
INVERSE_BREADTH_OFF,2024-01-22,48,-1.3920073333331402,-0.029000152777773753,168.16666666666666,1.0,17.0,71.5,352.50000000000296,1169.7499999999998,15,33,0,0,0,0,48,16,16,
INVERSE_BREADTH_OFF,2024-01-23,18,5.392093083332838,0.29956072685182433,705.2777777777778,18.5,331.5,462.5,2458.6000000000004,2897.6499999999983,10,8,0,0,0,0,18,9,3,
INVERSE_BREADTH_OFF,2024-01-24,53,1.3125501250008258,0.024765096698128788,189.41509433962264,0.0,5.0,24.0,240.60000000000008,278.2,15,38,0,0,0,0,53,21,18,
INVERSE_BREADTH_OFF,2024-02-05,72,2.700562541668281,0.037507813078726124,213.55555555555554,2.0,26.0,195.5,663.6999999999998,852.1500000000002,24,48,0,0,0,0,72,27,28,
INVERSE_BREADTH_OFF,2024-02-06,31,-0.5590666666663916,-0.018034408602141665,36.29032258064516,2.0,8.0,16.0,91.0,190.0,2,29,0,0,0,0,31,11,15,
INVERSE_BREADTH_OFF,2024-02-14,28,2.537398333334371,0.0906213690476561,262.57142857142856,0.0,18.0,217.0,898.1,1051.4499999999998,7,21,0,0,0,0,28,12,9,
INVERSE_BREADTH_OFF,2024-02-20,40,-0.6620916666666593,-0.016552291666666483,113.7,2.0,15.5,64.75,185.5000000000001,471.0999999999998,10,30,0,0,0,0,40,14,18,
INVERSE_BREADTH_OFF,2024-03-05,52,11.725035625000602,0.22548145432693467,1771.2884615384614,1.0,23.0,580.0,1377.8,7156.399999999965,23,29,0,0,0,0,52,20,12,
INVERSE_BREADTH_OFF,2024-03-08,66,3.9002162916675243,0.05909418623738673,294.3484848484849,0.0,3.0,79.75,361.0,1073.25,15,51,0,0,0,0,66,25,25,
INVERSE_BREADTH_OFF,2024-04-04,27,6.921291666667457,0.25634413580249843,686.1481481481482,2.0,64.0,589.0,1909.6000000000024,4243.5999999999985,15,12,0,0,0,0,27,11,3,
INVERSE_BREADTH_OFF,2024-04-26,50,4.165974458332585,0.08331948916665169,477.68,0.0,4.0,24.0,254.30000000000013,1626.9499999999966,12,38,0,0,0,0,50,19,17,
INVERSE_BREADTH_OFF,2024-04-29,51,2.5500049166685135,0.05000009640526497,544.5098039215686,0.5,24.0,113.0,601.0,1593.0,13,38,0,0,0,0,51,19,20,
INVERSE_BREADTH_OFF,2024-05-02,89,6.868423249999979,0.07717329494381998,197.5056179775281,1.0,8.0,88.0,354.0000000000001,827.5999999999981,30,59,0,0,0,0,89,33,22,
INVERSE_BREADTH_OFF,2024-05-06,60,8.551321041667052,0.14252201736111753,124.93333333333334,0.0,9.0,83.25,278.3000000000002,689.7999999999993,24,36,0,0,0,0,60,22,18,
INVERSE_BREADTH_OFF,2024-05-09,81,13.445758083333356,0.16599701337448589,858.1358024691358,0.0,5.0,32.0,347.0,1378.0,20,61,0,0,0,0,81,31,20,
INVERSE_BREADTH_OFF,2024-05-15,43,10.159068916666609,0.23625741666666533,281.6511627906977,1.0,21.0,181.0,598.8000000000008,1588.499999999999,16,27,0,0,0,0,43,18,5,
INVERSE_BREADTH_OFF,2024-05-22,79,0.4469817916660761,0.005657997362861723,595.9620253164557,0.0,3.0,76.0,540.2000000000003,913.3999999999993,26,53,0,0,0,0,79,28,23,
INVERSE_BREADTH_OFF,2024-05-31,53,7.724394499999714,0.1457432924528248,67.50943396226415,1.0,8.0,31.0,131.4000000000001,303.9999999999998,12,41,0,0,0,0,53,21,10,
INVERSE_BREADTH_OFF,2024-06-05,58,-1.6366310416648653,-0.028217776580428712,93.77586206896552,0.0,2.0,44.25,265.30000000000024,475.4499999999999,10,48,0,0,0,0,58,20,25,
NUM_LAYERS_1,2024-01-02,8,-0.5399999999990541,-0.06749999999988177,4.625,0.0,0.0,4.5,15.299999999999997,19.149999999999995,0,8,0,0,0,0,8,14,4,
NUM_LAYERS_1,2024-01-22,16,0.09700000000043464,0.006062500000027165,20.0625,0.0,2.5,17.0,55.0,95.0,5,11,0,0,0,0,16,16,5,
NUM_LAYERS_1,2024-01-23,3,0.03500000000008184,0.011666666666693947,57.666666666666664,6.0,11.0,86.0,131.0,146.0,1,2,0,0,0,0,3,9,1,
NUM_LAYERS_1,2024-01-24,15,-1.0179999999991198,-0.06786666666660798,4.133333333333334,0.0,1.0,4.5,13.799999999999995,20.199999999999996,3,12,0,0,0,0,15,21,6,
NUM_LAYERS_1,2024-02-05,21,-0.46799999999939257,-0.02228571428568536,18.142857142857142,1.0,2.0,13.0,34.0,97.0,5,16,0,0,0,0,21,27,10,
NUM_LAYERS_1,2024-02-06,9,-0.18799999999964717,-0.020888888888849686,3.3333333333333335,0.0,2.0,6.0,8.2,8.6,0,9,0,0,0,0,9,11,5,
NUM_LAYERS_1,2024-02-14,7,-0.1349999999997636,-0.019285714285680513,17.285714285714285,0.0,1.0,15.5,45.800000000000026,67.39999999999995,0,7,0,0,0,0,7,12,3,
NUM_LAYERS_1,2024-02-20,13,-0.2499999999995453,-0.019230769230734253,34.53846153846154,5.0,15.0,64.0,71.80000000000001,79.39999999999998,3,10,0,0,0,0,13,14,6,
NUM_LAYERS_1,2024-03-05,13,-0.834999999999127,-0.06423076923070208,2.769230769230769,0.0,1.0,2.0,2.8000000000000007,12.199999999999967,4,9,0,0,0,0,13,20,4,
NUM_LAYERS_1,2024-03-08,20,-1.7799999999983813,-0.08899999999991906,6.55,0.0,0.0,4.5,27.80000000000001,35.60000000000001,3,17,0,0,0,0,20,25,9,
NUM_LAYERS_1,2024-04-04,6,-0.19499999999970902,-0.032499999999951505,1.3333333333333333,0.0,0.0,2.25,4.0,4.5,2,4,0,0,0,0,6,11,1,
NUM_LAYERS_1,2024-04-26,14,-0.9549999999994726,-0.06821428571424805,0.5714285714285714,0.0,0.0,0.75,1.700000000000001,2.6999999999999993,2,12,0,0,0,0,14,19,6,
NUM_LAYERS_1,2024-04-29,14,-0.4729999999999564,-0.03378571428571117,6.0,0.0,0.0,7.75,15.500000000000005,26.44999999999999,2,12,0,0,0,0,14,19,7,
NUM_LAYERS_1,2024-05-02,25,-1.7049999999985632,-0.06819999999994253,3.64,0.0,1.0,5.0,7.600000000000001,8.0,6,19,0,0,0,0,25,33,8,
NUM_LAYERS_1,2024-05-06,18,-0.4409999999993489,-0.02449999999996383,2.4444444444444446,0.0,0.0,4.75,6.900000000000002,9.599999999999994,6,12,0,0,0,0,18,22,6,
NUM_LAYERS_1,2024-05-09,23,-1.326999999997952,-0.057695652173824004,2.652173913043478,0.0,0.0,2.0,7.400000000000002,16.099999999999987,3,20,0,0,0,0,23,31,8,
NUM_LAYERS_1,2024-05-15,11,-0.903999999999087,-0.08218181818173519,3.909090909090909,0.0,0.0,3.5,8.0,17.5,3,8,0,0,0,0,11,18,2,
NUM_LAYERS_1,2024-05-22,24,-1.3759999999988397,-0.05733333333328499,2.2083333333333335,0.0,0.0,1.0,5.799999999999997,13.799999999999983,7,17,0,0,0,0,24,28,8,
NUM_LAYERS_1,2024-05-31,16,0.6375000000002727,0.039843750000017046,11.3125,0.0,2.5,7.5,17.5,42.75,3,13,0,0,0,0,16,21,3,
NUM_LAYERS_1,2024-06-05,18,-0.5219999999999346,-0.02899999999999637,3.4444444444444446,0.0,0.0,2.75,13.600000000000001,15.449999999999996,2,16,0,0,0,0,18,20,8,
SL_ATR_050,2024-01-02,30,0.18304500747732774,0.006101500249244258,85.53333333333333,0.0,0.5,52.0,193.30000000000004,458.3999999999988,6,24,0,0,0,0,30,14,12,
SL_ATR_050,2024-01-22,48,-0.7962910182084216,-0.01658939621267545,51.125,0.0,8.5,40.25,143.3,238.8999999999998,15,33,0,0,0,0,48,16,16,
SL_ATR_050,2024-01-23,18,1.2758910950059696,0.07088283861144276,89.0,5.75,27.0,141.0,300.00000000000006,344.2999999999999,10,8,0,0,0,0,18,9,2,
SL_ATR_050,2024-01-24,53,-1.5471984061454502,-0.029192422757461325,11.566037735849056,0.0,1.0,11.0,34.400000000000055,68.19999999999999,15,38,0,0,0,0,53,21,18,
SL_ATR_050,2024-02-05,72,-0.285555061672388,-0.003966042523227611,48.763888888888886,1.0,12.0,36.75,144.39999999999998,196.90000000000006,24,48,0,0,0,0,72,27,28,
SL_ATR_050,2024-02-06,31,-0.5391888331322056,-0.017393188165555018,25.967741935483872,1.5,8.0,16.0,68.0,119.5,2,29,0,0,0,0,31,11,14,
SL_ATR_050,2024-02-14,28,0.2662273252089259,0.00950811875746164,81.17857142857143,0.0,15.5,89.0,199.50000000000003,369.74999999999966,7,21,0,0,0,0,28,12,9,
SL_ATR_050,2024-02-20,40,-0.7552580078314957,-0.01888145019578739,38.725,0.0,5.0,58.75,119.00000000000001,144.89999999999995,10,30,0,0,0,0,40,14,18,
SL_ATR_050,2024-03-05,52,-1.5790016678348973,-0.03036541668913264,45.51923076923077,0.75,4.0,23.75,87.8,195.99999999999991,23,29,0,0,0,0,52,20,12,
SL_ATR_050,2024-03-08,66,-1.6586862490045557,-0.02513160983340236,22.09090909090909,0.0,0.0,6.75,54.0,90.5,15,51,0,0,0,0,66,25,24,
SL_ATR_050,2024-04-04,27,-0.10534708303354512,-0.0039017438160572266,69.44444444444444,0.0,2.0,7.0,71.20000000000009,595.3999999999995,15,12,0,0,0,0,27,11,3,
SL_ATR_050,2024-04-26,50,-2.0482107258365736,-0.04096421451673147,19.84,0.0,1.0,11.75,38.50000000000001,74.79999999999984,12,38,0,0,0,0,50,19,17,
SL_ATR_050,2024-04-29,51,-0.9787457280444869,-0.019191092706754644,35.94117647058823,0.0,6.0,35.5,76.0,96.0,13,38,0,0,0,0,51,19,20,
SL_ATR_050,2024-05-02,89,-1.4773855273239558,-0.016599837385662425,29.640449438202246,0.0,3.0,25.0,85.2,144.79999999999964,30,59,0,0,0,0,89,33,22,
SL_ATR_050,2024-05-06,60,-1.3829040011504123,-0.023048400019173538,16.266666666666666,0.0,1.0,9.0,51.30000000000002,79.44999999999997,24,36,0,0,0,0,60,22,18,
SL_ATR_050,2024-05-09,81,-1.1949353297618472,-0.0147522880217512,21.962962962962962,0.0,2.0,10.0,45.0,120.0,20,61,0,0,0,0,81,31,20,
SL_ATR_050,2024-05-15,43,0.5516443021908041,0.012828937260251257,29.976744186046513,0.0,1.0,12.5,43.80000000000009,139.29999999999987,16,27,0,0,0,0,43,18,5,
SL_ATR_050,2024-05-22,79,-2.3059532407041843,-0.029189281527901068,13.69620253164557,0.0,1.0,8.0,37.000000000000014,67.59999999999985,26,53,0,0,0,0,79,28,21,
SL_ATR_050,2024-05-31,53,-1.6847072673852685,-0.031786929573306956,7.830188679245283,0.0,1.0,7.0,21.400000000000013,37.8,12,41,0,0,0,0,53,21,10,
SL_ATR_050,2024-06-05,58,-1.8728569207743628,-0.03229063656507522,33.0,0.0,2.0,17.75,89.20000000000002,144.34999999999994,10,48,0,0,0,0,58,20,25,
TP_ATR_080,2024-01-02,30,0.18304500747732774,0.006101500249244258,85.53333333333333,0.0,0.5,52.0,193.30000000000004,458.3999999999988,6,24,0,0,0,0,30,14,12,
TP_ATR_080,2024-01-22,48,-0.7962910182084216,-0.01658939621267545,51.125,0.0,8.5,40.25,143.3,238.8999999999998,15,33,0,0,0,0,48,16,16,
TP_ATR_080,2024-01-23,18,1.2758910950059696,0.07088283861144276,89.0,5.75,27.0,141.0,300.00000000000006,344.2999999999999,10,8,0,0,0,0,18,9,2,
TP_ATR_080,2024-01-24,53,-1.5471984061454502,-0.029192422757461325,11.566037735849056,0.0,1.0,11.0,34.400000000000055,68.19999999999999,15,38,0,0,0,0,53,21,18,
TP_ATR_080,2024-02-05,72,-0.285555061672388,-0.003966042523227611,48.763888888888886,1.0,12.0,36.75,144.39999999999998,196.90000000000006,24,48,0,0,0,0,72,27,28,
TP_ATR_080,2024-02-06,31,-0.5391888331322056,-0.017393188165555018,25.967741935483872,1.5,8.0,16.0,68.0,119.5,2,29,0,0,0,0,31,11,14,
TP_ATR_080,2024-02-14,28,0.2662273252089259,0.00950811875746164,81.17857142857143,0.0,15.5,89.0,199.50000000000003,369.74999999999966,7,21,0,0,0,0,28,12,9,
TP_ATR_080,2024-02-20,40,-0.7552580078314957,-0.01888145019578739,38.725,0.0,5.0,58.75,119.00000000000001,144.89999999999995,10,30,0,0,0,0,40,14,18,
TP_ATR_080,2024-03-05,52,-1.5790016678348973,-0.03036541668913264,45.51923076923077,0.75,4.0,23.75,87.8,195.99999999999991,23,29,0,0,0,0,52,20,12,
TP_ATR_080,2024-03-08,66,-1.6586862490045557,-0.02513160983340236,22.09090909090909,0.0,0.0,6.75,54.0,90.5,15,51,0,0,0,0,66,25,24,
TP_ATR_080,2024-04-04,27,-0.10534708303354512,-0.0039017438160572266,69.44444444444444,0.0,2.0,7.0,71.20000000000009,595.3999999999995,15,12,0,0,0,0,27,11,3,
TP_ATR_080,2024-04-26,50,-2.0482107258365736,-0.04096421451673147,19.84,0.0,1.0,11.75,38.50000000000001,74.79999999999984,12,38,0,0,0,0,50,19,17,
TP_ATR_080,2024-04-29,51,-0.9787457280444869,-0.019191092706754644,35.94117647058823,0.0,6.0,35.5,76.0,96.0,13,38,0,0,0,0,51,19,20,
TP_ATR_080,2024-05-02,89,-1.4773855273239558,-0.016599837385662425,29.640449438202246,0.0,3.0,25.0,85.2,144.79999999999964,30,59,0,0,0,0,89,33,22,
TP_ATR_080,2024-05-06,60,-1.3829040011504123,-0.023048400019173538,16.266666666666666,0.0,1.0,9.0,51.30000000000002,79.44999999999997,24,36,0,0,0,0,60,22,18,
TP_ATR_080,2024-05-09,81,-1.1949353297618472,-0.0147522880217512,21.962962962962962,0.0,2.0,10.0,45.0,120.0,20,61,0,0,0,0,81,31,20,
TP_ATR_080,2024-05-15,43,0.5516443021908041,0.012828937260251257,29.976744186046513,0.0,1.0,12.5,43.80000000000009,139.29999999999987,16,27,0,0,0,0,43,18,5,
TP_ATR_080,2024-05-22,79,-2.3059532407041843,-0.029189281527901068,13.69620253164557,0.0,1.0,8.0,37.000000000000014,67.59999999999985,26,53,0,0,0,0,79,28,21,
TP_ATR_080,2024-05-31,53,-1.6847072673852685,-0.031786929573306956,7.830188679245283,0.0,1.0,7.0,21.400000000000013,37.8,12,41,0,0,0,0,53,21,10,
TP_ATR_080,2024-06-05,58,-1.8728569207743628,-0.03229063656507522,33.0,0.0,2.0,17.75,89.20000000000002,144.34999999999994,10,48,0,0,0,0,58,20,25,
MIN_ZONE_050,2024-01-02,33,-0.47074626514495316,-0.014265038337725853,80.33333333333333,0.0,1.0,52.0,168.80000000000007,422.99999999999943,9,24,0,0,0,0,33,13,12,
MIN_ZONE_050,2024-01-22,44,-0.8279520570191987,-0.01881709220498179,45.72727272727273,0.0,11.5,48.0,143.7,178.85000000000005,11,33,0,0,0,0,44,15,16,
MIN_ZONE_050,2024-01-23,13,1.1007339501798774,0.08467184232152904,91.3076923076923,2.0,11.0,93.0,325.00000000000006,359.7999999999999,5,8,0,0,0,0,13,7,2,
MIN_ZONE_050,2024-01-24,45,-1.9849619915326002,-0.044110266478502226,14.666666666666666,0.0,1.0,19.0,37.0,71.39999999999998,7,38,0,0,0,0,45,16,18,
MIN_ZONE_050,2024-02-05,62,-1.3057334710705013,-0.021060217275330667,46.403225806451616,1.0,9.5,33.0,127.29999999999995,206.4499999999998,14,48,0,0,0,0,62,22,28,
MIN_ZONE_050,2024-02-06,29,-0.8489714418277193,-0.029274877304404114,16.06896551724138,1.0,6.0,14.0,30.99999999999999,71.7999999999999,0,29,0,0,0,0,29,10,14,
MIN_ZONE_050,2024-02-14,27,-0.33255225361661667,-0.012316750133948765,86.33333333333333,0.0,14.0,89.0,159.0000000000002,380.29999999999984,6,21,0,0,0,0,27,11,9,
MIN_ZONE_050,2024-02-20,31,-0.744050882856603,-0.024001641382471066,24.64516129032258,0.0,2.0,16.0,58.0,70.0,1,30,0,0,0,0,31,11,18,
MIN_ZONE_050,2024-03-05,55,-2.330091850815734,-0.04236530637846789,55.54545454545455,0.0,4.0,34.5,195.40000000000003,265.9999999999999,26,29,0,0,0,0,55,21,12,
MIN_ZONE_050,2024-03-08,59,-1.6846418913789118,-0.028553252396252744,14.711864406779661,0.0,0.0,5.5,49.80000000000004,81.39999999999992,8,51,0,0,0,0,59,22,24,
MIN_ZONE_050,2024-04-04,23,-0.33563650486818614,-0.014592891516008092,54.69565217391305,0.0,3.0,10.5,82.80000000000005,209.49999999999983,11,12,0,0,0,0,23,9,3,
MIN_ZONE_050,2024-04-26,44,-1.8446911101744567,-0.04192479795851038,19.09090909090909,0.0,0.5,11.25,24.0,43.10000000000001,6,38,0,0,0,0,44,17,17,
MIN_ZONE_050,2024-04-29,50,-0.996157035259633,-0.01992314070519266,32.26,0.0,3.5,31.5,76.30000000000001,159.74999999999977,12,38,0,0,0,0,50,18,20,
MIN_ZONE_050,2024-05-02,86,-1.4429048496455532,-0.01677796336797155,28.174418604651162,0.0,3.0,27.5,76.0,99.25,27,59,0,0,0,0,86,32,22,
MIN_ZONE_050,2024-05-06,59,-1.8637168017914216,-0.03158842036934613,18.271186440677965,0.0,1.0,9.0,38.00000000000004,65.49999999999986,23,36,0,0,0,0,59,21,18,
MIN_ZONE_050,2024-05-09,81,-1.609141620600288,-0.01986594593333689,20.308641975308642,0.0,2.0,9.0,45.0,85.0,20,61,0,0,0,0,81,30,20,
MIN_ZONE_050,2024-05-15,42,0.21568804911794362,0.00513542974090342,20.666666666666668,0.0,1.0,13.25,45.89999999999997,111.84999999999974,15,27,0,0,0,0,42,17,5,
MIN_ZONE_050,2024-05-22,76,-2.738408566015096,-0.03603169165809337,13.710526315789474,0.0,0.0,4.5,33.0,79.0,23,53,0,0,0,0,76,27,21,
MIN_ZONE_050,2024-05-31,49,-1.8917669950681861,-0.03860748969526911,8.224489795918368,0.0,1.0,9.0,24.400000000000006,35.79999999999998,8,41,0,0,0,0,49,18,10,
MIN_ZONE_050,2024-06-05,53,-2.3080653884300473,-0.04354840355528391,14.660377358490566,0.0,1.0,10.0,52.800000000000026,82.6,5,48,0,0,0,0,53,18,25,
MIN_ZONE_080,2024-01-02,34,-1.7445201018520797,-0.05130941476035528,56.294117647058826,0.0,0.5,46.0,81.3,121.09999999999977,10,24,0,0,0,0,34,12,12,
MIN_ZONE_080,2024-01-22,38,-0.9637248140592571,-0.02536117931734887,41.578947368421055,0.0,9.0,41.0,143.3,150.14999999999995,5,33,0,0,0,0,38,13,16,
MIN_ZONE_080,2024-01-23,10,0.9628496825487219,0.09628496825487219,89.8,5.75,13.0,77.0,341.2,369.0999999999999,2,8,0,0,0,0,10,5,2,
MIN_ZONE_080,2024-01-24,38,-1.590777146832655,-0.041862556495596184,8.5,0.0,1.0,12.5,24.0,37.0,0,38,0,0,0,0,38,13,18,
MIN_ZONE_080,2024-02-05,55,-1.77940808871449,-0.03235287434026345,27.636363636363637,1.0,7.0,23.5,67.0,134.79999999999995,7,48,0,0,0,0,55,19,28,
MIN_ZONE_080,2024-02-06,29,-0.8489714418277193,-0.029274877304404114,16.06896551724138,1.0,6.0,14.0,30.99999999999999,71.7999999999999,0,29,0,0,0,0,29,10,14,
MIN_ZONE_080,2024-02-14,24,-0.8385026106380641,-0.034937608776586006,88.125,0.0,10.0,48.5,182.99999999999994,416.1499999999995,3,21,0,0,0,0,24,9,9,
MIN_ZONE_080,2024-02-20,30,-1.000629830225004,-0.0333543276741668,11.2,0.0,1.5,15.75,22.900000000000055,62.949999999999974,0,30,0,0,0,0,30,10,18,
MIN_ZONE_080,2024-03-05,42,-2.3616316969081104,-0.05622932611685977,19.952380952380953,0.0,2.5,20.5,50.29999999999999,85.85,13,29,0,0,0,0,42,15,12,
MIN_ZONE_080,2024-03-08,63,-2.0188489966958514,-0.03204522216977542,11.19047619047619,0.0,0.0,5.5,39.800000000000026,65.5,12,51,0,0,0,0,63,22,24,
MIN_ZONE_080,2024-04-04,18,-0.6885742928867937,-0.03825412738259965,21.22222222222222,0.0,2.5,9.0,47.300000000000054,115.74999999999983,6,12,0,0,0,0,18,7,3,
MIN_ZONE_080,2024-04-26,45,-2.1297629128190847,-0.047328064729312995,19.155555555555555,0.0,1.0,12.0,27.60000000000001,37.599999999999994,7,38,0,0,0,0,45,17,17,
MIN_ZONE_080,2024-04-29,47,-0.7772891107313928,-0.016538066185774317,29.680851063829788,0.0,3.0,29.0,58.59999999999996,102.79999999999986,9,38,0,0,0,0,47,17,20,
MIN_ZONE_080,2024-05-02,79,-1.5825972557048165,-0.020032876654491348,25.430379746835442,0.0,3.0,21.0,71.20000000000003,92.09999999999994,20,59,0,0,0,0,79,28,22,
MIN_ZONE_080,2024-05-06,42,-2.117682059490562,-0.05042100141644196,3.5952380952380953,0.0,1.0,4.75,9.0,17.74999999999998,6,36,0,0,0,0,42,14,18,
MIN_ZONE_080,2024-05-09,70,-0.9316966938616436,-0.01330995276945205,18.65714285714286,0.0,1.0,7.75,32.0,100.19999999999987,9,61,0,0,0,0,70,26,20,
MIN_ZONE_080,2024-05-15,48,-0.45134451403964704,-0.009403010709159313,28.3125,0.0,2.0,15.5,69.70000000000024,137.09999999999997,21,27,0,0,0,0,48,19,5,
MIN_ZONE_080,2024-05-22,69,-3.025839424277062,-0.04385274527937771,11.101449275362318,0.0,0.0,4.0,28.400000000000006,55.399999999999864,16,53,0,0,0,0,69,24,21,
MIN_ZONE_080,2024-05-31,46,-1.6754913662372626,-0.03642372535298397,7.673913043478261,0.0,0.5,6.25,20.5,36.25,5,41,0,0,0,0,46,17,10,
MIN_ZONE_080,2024-06-05,48,-2.658221959358495,-0.05537962415330198,11.4375,0.0,0.0,8.25,47.300000000000004,54.0,0,48,0,0,0,0,48,16,25,
RESAMPLE_1S,2024-01-02,49,-2.2258063947759488,-0.04542462030154998,22.571428571428573,0.0,3.0,13.0,58.40000000000009,88.79999999999995,25,24,0,0,0,0,49,18,12,
RESAMPLE_1S,2024-01-22,47,-0.528239934999571,-0.011239147553182362,36.61702127659574,0.5,15.0,49.0,98.39999999999996,143.7,14,33,0,0,0,0,47,17,16,
RESAMPLE_1S,2024-01-23,23,0.19658979042439267,0.0085473821923649,24.652173913043477,2.0,7.0,16.5,30.6,34.599999999999994,15,8,0,0,0,0,23,8,2,
RESAMPLE_1S,2024-01-24,66,-0.9756766131315543,-0.014782978986841732,16.803030303030305,0.0,3.5,22.0,47.0,76.25,28,38,0,0,0,0,66,24,18,
RESAMPLE_1S,2024-02-05,63,-0.9487481657781701,-0.015059494694891588,25.047619047619047,1.0,8.0,26.0,79.00000000000006,126.69999999999996,15,48,0,0,0,0,63,23,28,
RESAMPLE_1S,2024-02-06,49,-0.8655914555715755,-0.017665131746358684,28.448979591836736,1.0,7.0,14.0,46.800000000000054,117.39999999999975,20,29,0,0,0,0,49,17,14,
RESAMPLE_1S,2024-02-14,44,-1.3827382977862424,-0.03142587040423278,30.227272727272727,0.0,2.0,20.25,84.20000000000005,122.00000000000003,23,21,0,0,0,0,44,17,9,
RESAMPLE_1S,2024-02-20,36,-1.114977750385227,-0.030971604177367416,13.0,0.0,5.0,16.5,41.5,60.25,6,30,0,0,0,0,36,12,18,
RESAMPLE_1S,2024-03-05,51,-1.0553280696478093,-0.02069270724799626,16.627450980392158,0.5,4.0,14.5,44.0,69.5,22,29,0,0,0,0,51,21,12,
RESAMPLE_1S,2024-03-08,91,-2.334336864850229,-0.02565205345989263,11.582417582417582,0.0,1.0,8.0,35.0,56.5,43,48,0,0,0,0,91,39,24,
RESAMPLE_1S,2024-04-04,43,-1.9628570294278993,-0.04564783789367208,9.093023255813954,0.0,1.0,8.0,23.800000000000004,33.999999999999986,31,12,0,0,0,0,43,21,3,
RESAMPLE_1S,2024-04-26,74,-1.1098783892966821,-0.014998356612117326,7.3108108108108105,0.0,0.0,9.25,24.0,31.44999999999996,36,38,0,0,0,0,74,31,17,
RESAMPLE_1S,2024-04-29,68,-0.7398009746045016,-0.010879426097125023,19.970588235294116,0.0,3.0,21.0,47.0,90.04999999999998,30,38,0,0,0,0,68,26,20,
RESAMPLE_1S,2024-05-02,112,-0.7314185692948741,-0.0065305229401328045,24.9375,0.0,3.0,18.0,73.50000000000003,85.44999999999999,53,59,0,0,0,0,112,45,22,
RESAMPLE_1S,2024-05-06,89,-0.715498565355271,-0.008039309723092932,17.426966292134832,0.0,1.0,8.0,31.60000000000001,77.79999999999998,53,36,0,0,0,0,89,40,18,
RESAMPLE_1S,2024-05-09,114,-2.550218938674486,-0.02237034156732005,15.824561403508772,0.0,1.0,8.75,33.400000000000006,58.19999999999993,53,61,0,0,0,0,114,44,20,
RESAMPLE_1S,2024-05-15,82,-0.7747901968233843,-0.00944866093687054,8.195121951219512,0.0,1.5,10.75,23.900000000000006,26.950000000000003,55,27,0,0,0,0,82,35,5,
RESAMPLE_1S,2024-05-22,119,-3.525169418095023,-0.02962327242096658,15.294117647058824,0.0,0.0,5.5,25.200000000000003,36.099999999999994,66,53,0,0,0,0,119,47,21,
RESAMPLE_1S,2024-05-31,100,-1.597860654465573,-0.01597860654465573,13.11,0.0,1.0,9.0,36.10000000000001,56.449999999999974,59,41,0,0,0,0,100,37,10,
RESAMPLE_1S,2024-06-05,98,-2.0623654947513996,-0.0210445458648102,24.8265306122449,0.0,2.0,11.5,48.89999999999999,89.19999999999993,50,48,0,0,0,0,98,41,25,
BOS_ALIGN_OFF,2024-01-02,30,-0.09442609151862291,-0.003147536383954097,88.3,0.0,14.0,52.0,193.30000000000004,458.3999999999988,6,24,0,0,0,0,30,14,24,
BOS_ALIGN_OFF,2024-01-22,48,-0.6575627524552299,-0.013699224009483956,51.416666666666664,0.0,5.0,40.25,143.3,238.8999999999998,15,33,0,0,0,0,48,16,28,
BOS_ALIGN_OFF,2024-01-23,18,1.0792244283392545,0.05995691268551414,87.44444444444444,2.5,20.0,141.0,300.00000000000006,344.2999999999999,10,8,0,0,0,0,18,9,5,
BOS_ALIGN_OFF,2024-01-24,53,-1.4984295076930418,-0.028272254862132865,14.358490566037736,0.0,3.0,20.0,51.40000000000008,68.19999999999999,15,38,0,0,0,0,53,21,35,
BOS_ALIGN_OFF,2024-02-05,72,-0.19768722096235555,-0.0027456558466993825,63.43055555555556,2.0,19.5,67.0,188.8,273.55000000000024,24,48,0,0,0,0,72,27,41,
BOS_ALIGN_OFF,2024-02-06,31,-0.603103128649688,-0.019454939633860902,25.64516129032258,1.0,6.0,16.0,68.0,119.5,2,29,0,0,0,0,31,11,23,
BOS_ALIGN_OFF,2024-02-14,28,0.07643730365089137,0.0027299037018175486,80.60714285714286,0.0,11.5,89.0,199.50000000000003,369.74999999999966,7,21,0,0,0,0,28,12,18,
BOS_ALIGN_OFF,2024-02-20,40,-0.8614615109396104,-0.02153653777349026,34.95,1.5,5.0,18.25,119.00000000000001,144.89999999999995,10,30,0,0,0,0,40,14,29,
BOS_ALIGN_OFF,2024-03-05,52,-1.82749242225979,-0.0351440850434575,45.53846153846154,0.0,5.5,23.75,87.8,195.99999999999991,23,29,0,0,0,0,52,20,25,
BOS_ALIGN_OFF,2024-03-08,66,-1.359844439169592,-0.020603703623781697,24.848484848484848,0.0,0.0,7.25,75.0,99.25,15,51,0,0,0,0,66,25,43,
BOS_ALIGN_OFF,2024-04-04,27,-0.6296970974816153,-0.023322114721541307,69.51851851851852,0.0,2.0,7.0,71.20000000000009,595.3999999999995,15,12,0,0,0,0,27,11,12,
BOS_ALIGN_OFF,2024-04-26,50,-2.237389263966331,-0.044747785279326616,20.94,0.0,2.0,13.0,38.50000000000001,74.79999999999984,12,38,0,0,0,0,50,19,34,
BOS_ALIGN_OFF,2024-04-29,51,-1.498775547808691,-0.0293877558393861,43.90196078431372,0.0,8.0,37.0,77.0,260.0,13,38,0,0,0,0,51,19,34,
BOS_ALIGN_OFF,2024-05-02,89,-1.9033625335594784,-0.02138609588269077,32.2247191011236,0.0,4.0,31.0,93.20000000000003,149.1999999999997,30,59,0,0,0,0,89,33,53,
BOS_ALIGN_OFF,2024-05-06,60,-1.6322178029518,-0.027203630049196667,16.9,0.0,1.5,9.0,51.30000000000002,79.44999999999997,24,36,0,0,0,0,60,22,33,
BOS_ALIGN_OFF,2024-05-09,81,-1.0636708390629792,-0.01313173875386394,22.950617283950617,0.0,2.0,18.0,45.0,120.0,20,61,0,0,0,0,81,31,52,
BOS_ALIGN_OFF,2024-05-15,43,0.7348663660077364,0.01708991548855201,28.837209302325583,0.0,1.0,7.5,43.00000000000011,139.29999999999987,16,27,0,0,0,0,43,18,19,
BOS_ALIGN_OFF,2024-05-22,79,-2.2133532409640493,-0.02801712963245632,16.20253164556962,0.0,2.0,10.5,41.2,92.29999999999993,26,53,0,0,0,0,79,28,46,
BOS_ALIGN_OFF,2024-05-31,53,-1.5894900870988145,-0.029990379001864423,6.773584905660377,0.0,1.0,6.0,21.200000000000017,37.8,12,41,0,0,0,0,53,21,35,
BOS_ALIGN_OFF,2024-06-05,58,-2.2303538668888905,-0.0384543770153257,33.62068965517241,0.0,2.0,28.5,89.20000000000002,144.34999999999994,10,48,0,0,0,0,58,20,43,
SWEEP_ON,2024-01-02,41,-0.3218107232560215,-0.00784904203063467,58.24390243902439,0.0,1.0,52.0,197.0,238.0,0,24,0,0,17,0,41,42,18,
SWEEP_ON,2024-01-22,83,-0.45738625260908833,-0.005510677742278172,68.02409638554217,1.0,18.0,71.5,187.39999999999995,262.6999999999998,0,33,0,0,50,0,83,44,26,
SWEEP_ON,2024-01-23,19,0.8058783133187717,0.04241464806940903,74.36842105263158,4.5,25.0,83.5,195.79999999999987,342.6999999999998,0,8,0,0,11,0,19,37,2,
SWEEP_ON,2024-01-24,75,-1.0124965762208074,-0.013499954349610765,18.066666666666666,0.0,2.0,22.0,61.40000000000008,90.0,3,38,0,0,34,0,75,57,29,
SWEEP_ON,2024-02-05,93,-1.3311309826734337,-0.01431323637283262,39.75268817204301,1.0,10.0,34.0,124.79999999999993,181.19999999999993,0,48,0,0,45,0,93,72,37,
SWEEP_ON,2024-02-06,60,-1.3540475461846504,-0.022567459103077506,25.766666666666666,0.0,6.0,20.75,91.1,98.59999999999985,0,29,0,0,31,0,60,39,19,
SWEEP_ON,2024-02-14,46,-0.6953239039912661,-0.015115737043288393,77.67391304347827,0.25,17.5,82.25,208.5,407.25,0,21,0,0,25,0,46,31,15,
SWEEP_ON,2024-02-20,58,-1.4309049063660193,-0.02467077424768999,50.206896551724135,0.0,13.5,47.75,115.20000000000023,241.84999999999968,1,30,0,0,27,0,58,40,24,
SWEEP_ON,2024-03-05,77,-2.6176926710636508,-0.033996008715112346,46.688311688311686,1.0,6.0,27.0,92.60000000000008,121.60000000000007,3,29,0,0,45,0,77,75,21,
SWEEP_ON,2024-03-08,116,-0.39099040920533895,-0.0033706069759080943,38.577586206896555,0.0,2.0,31.0,119.5,223.25,6,51,0,0,59,0,116,87,40,
SWEEP_ON,2024-04-04,41,-1.3992771994632374,-0.03412871218203018,60.926829268292686,0.0,2.0,19.0,67.0,319.0,3,12,0,0,26,0,41,40,12,
SWEEP_ON,2024-04-26,84,-3.560135899251994,-0.042382570229190404,23.392857142857142,0.0,1.0,12.25,35.300000000000026,108.09999999999997,0,38,0,0,46,0,84,57,34,
SWEEP_ON,2024-04-29,85,-1.0065659807839136,-0.011841952715104865,25.705882352941178,0.0,3.0,24.0,65.80000000000003,106.39999999999999,0,38,0,0,47,0,85,67,30,
SWEEP_ON,2024-05-02,118,-1.507960160142678,-0.012779323391039644,30.135593220338983,0.0,4.0,35.0,92.0,135.1999999999996,2,59,0,0,57,0,118,101,38,
SWEEP_ON,2024-05-06,99,-3.5993700301431395,-0.036357273031748884,12.535353535353535,0.0,1.0,11.0,30.200000000000003,57.19999999999999,3,36,0,0,60,0,99,71,29,
SWEEP_ON,2024-05-09,113,-2.8923156979732694,-0.025595714141356366,28.43362831858407,0.0,2.0,18.0,91.19999999999995,164.19999999999936,0,61,0,0,52,0,113,88,41,
SWEEP_ON,2024-05-15,62,-0.6855721969309344,-0.0110576160795312,24.241935483870968,0.0,1.0,9.75,41.39999999999998,80.89999999999999,0,27,0,0,35,0,62,64,12,
SWEEP_ON,2024-05-22,116,-4.339174054949581,-0.037406672887496384,17.189655172413794,0.0,1.0,7.0,42.5,98.75,0,53,0,0,63,0,116,93,41,
SWEEP_ON,2024-05-31,92,-4.564244492155164,-0.04961135317559961,9.554347826086957,0.0,2.0,7.25,18.900000000000006,32.900000000000006,0,41,0,0,51,0,92,88,27,
SWEEP_ON,2024-06-05,86,-3.328765236506418,-0.03870657251751649,27.872093023255815,0.0,1.5,20.0,65.5,98.25,0,48,0,0,38,0,86,71,34,
RENKO_INV_ON,2024-01-02,30,0.18304500747732774,0.006101500249244258,85.53333333333333,0.0,0.5,52.0,193.30000000000004,458.3999999999988,6,24,0,0,0,0,30,14,12,
RENKO_INV_ON,2024-01-22,48,-0.7796243515417701,-0.016242173990453544,51.083333333333336,0.0,8.5,40.25,143.3,238.8999999999998,15,33,0,0,0,0,48,16,17,
RENKO_INV_ON,2024-01-23,18,1.2758910950059696,0.07088283861144276,89.0,5.75,27.0,141.0,300.00000000000006,344.2999999999999,10,8,0,0,0,0,18,9,2,
RENKO_INV_ON,2024-01-24,53,-1.5471984061454502,-0.029192422757461325,11.566037735849056,0.0,1.0,11.0,34.400000000000055,68.19999999999999,15,38,0,0,0,0,53,21,18,
RENKO_INV_ON,2024-02-05,72,-0.285555061672388,-0.003966042523227611,48.763888888888886,1.0,12.0,36.75,144.39999999999998,196.90000000000006,24,48,0,0,0,0,72,27,28,
RENKO_INV_ON,2024-02-06,31,-0.5391888331322056,-0.017393188165555018,25.967741935483872,1.5,8.0,16.0,68.0,119.5,2,29,0,0,0,0,31,11,14,
RENKO_INV_ON,2024-02-14,28,0.2662273252089259,0.00950811875746164,81.17857142857143,0.0,15.5,89.0,199.50000000000003,369.74999999999966,7,21,0,0,0,0,28,12,9,
RENKO_INV_ON,2024-02-20,40,-0.7552580078314957,-0.01888145019578739,38.725,0.0,5.0,58.75,119.00000000000001,144.89999999999995,10,30,0,0,0,0,40,14,18,
RENKO_INV_ON,2024-03-05,52,-1.5790016678348973,-0.03036541668913264,45.51923076923077,0.75,4.0,23.75,87.8,195.99999999999991,23,29,0,0,0,0,52,20,12,
RENKO_INV_ON,2024-03-08,66,-1.6586862490045557,-0.02513160983340236,22.09090909090909,0.0,0.0,6.75,54.0,90.5,15,51,0,0,0,0,66,25,24,
RENKO_INV_ON,2024-04-04,27,-0.10534708303354512,-0.0039017438160572266,69.44444444444444,0.0,2.0,7.0,71.20000000000009,595.3999999999995,15,12,0,0,0,0,27,11,3,
RENKO_INV_ON,2024-04-26,50,-2.0482107258365736,-0.04096421451673147,19.84,0.0,1.0,11.75,38.50000000000001,74.79999999999984,12,38,0,0,0,0,50,19,17,
RENKO_INV_ON,2024-04-29,51,-0.9787457280444869,-0.019191092706754644,35.94117647058823,0.0,6.0,35.5,76.0,96.0,13,38,0,0,0,0,51,19,20,
RENKO_INV_ON,2024-05-02,89,-1.4773855273241074,-0.01659983738566413,29.674157303370787,0.0,3.0,25.0,85.2,144.79999999999964,30,59,0,0,0,0,89,33,24,
RENKO_INV_ON,2024-05-06,60,-1.3962373344837335,-0.023270622241395558,16.283333333333335,0.0,1.0,9.0,51.30000000000002,79.44999999999997,24,36,0,0,0,0,60,22,19,
RENKO_INV_ON,2024-05-09,81,-1.1906019964285406,-0.014698790079364699,21.962962962962962,0.0,2.0,10.0,45.0,120.0,20,61,0,0,0,0,81,31,21,
RENKO_INV_ON,2024-05-15,43,0.5516443021908041,0.012828937260251257,29.976744186046513,0.0,1.0,12.5,43.80000000000009,139.29999999999987,16,27,0,0,0,0,43,18,5,
RENKO_INV_ON,2024-05-22,79,-2.3059532407041843,-0.029189281527901068,13.69620253164557,0.0,1.0,8.0,37.000000000000014,67.59999999999985,26,53,0,0,0,0,79,28,21,
RENKO_INV_ON,2024-05-31,53,-1.6713739340520988,-0.031535357246266014,7.830188679245283,0.0,1.0,7.0,21.400000000000013,37.8,12,41,0,0,0,0,53,21,11,
RENKO_INV_ON,2024-06-05,58,-1.8728569207743628,-0.03229063656507522,33.0,0.0,2.0,17.75,89.20000000000002,144.34999999999994,10,48,0,0,0,0,58,20,25,
IFVG_AGE_60,2024-01-02,27,0.31955294398524836,0.011835294221675865,95.0,0.0,2.0,55.5,203.20000000000007,522.5999999999997,6,21,0,0,0,0,27,13,12,
IFVG_AGE_60,2024-01-22,48,-0.7962910182084216,-0.01658939621267545,51.125,0.0,8.5,40.25,143.3,238.8999999999998,15,33,0,0,0,0,48,16,16,
IFVG_AGE_60,2024-01-23,18,1.2758910950059696,0.07088283861144276,89.0,5.75,27.0,141.0,300.00000000000006,344.2999999999999,10,8,0,0,0,0,18,9,2,
IFVG_AGE_60,2024-01-24,53,-1.5471984061454502,-0.029192422757461325,11.566037735849056,0.0,1.0,11.0,34.400000000000055,68.19999999999999,15,38,0,0,0,0,53,21,18,
IFVG_AGE_60,2024-02-05,72,-0.285555061672388,-0.003966042523227611,48.763888888888886,1.0,12.0,36.75,144.39999999999998,196.90000000000006,24,48,0,0,0,0,72,27,28,
IFVG_AGE_60,2024-02-06,31,-0.5391888331322056,-0.017393188165555018,25.967741935483872,1.5,8.0,16.0,68.0,119.5,2,29,0,0,0,0,31,11,14,
IFVG_AGE_60,2024-02-14,25,0.35622732520884404,0.014249093008353761,90.92,1.0,19.0,89.0,207.00000000000003,404.9999999999993,7,18,0,0,0,0,25,11,6,
IFVG_AGE_60,2024-02-20,40,-0.7552580078314957,-0.01888145019578739,38.725,0.0,5.0,58.75,119.00000000000001,144.89999999999995,10,30,0,0,0,0,40,14,18,
IFVG_AGE_60,2024-03-05,52,-1.5790016678348973,-0.03036541668913264,45.51923076923077,0.75,4.0,23.75,87.8,195.99999999999991,23,29,0,0,0,0,52,20,12,
IFVG_AGE_60,2024-03-08,63,-1.4078387913774957,-0.022346647482182472,23.07936507936508,0.0,0.0,7.5,58.20000000000006,92.59999999999998,15,48,0,0,0,0,63,24,24,
IFVG_AGE_60,2024-04-04,27,-0.10534708303354512,-0.0039017438160572266,69.44444444444444,0.0,2.0,7.0,71.20000000000009,595.3999999999995,15,12,0,0,0,0,27,11,3,
IFVG_AGE_60,2024-04-26,50,-2.0482107258365736,-0.04096421451673147,19.84,0.0,1.0,11.75,38.50000000000001,74.79999999999984,12,38,0,0,0,0,50,19,17,
IFVG_AGE_60,2024-04-29,42,-0.580221474520234,-0.013814797012386523,42.95238095238095,0.0,11.5,38.5,76.9,111.29999999999986,13,29,0,0,0,0,42,16,17,
IFVG_AGE_60,2024-05-02,89,-1.4773855273239558,-0.016599837385662425,29.640449438202246,0.0,3.0,25.0,85.2,144.79999999999964,30,59,0,0,0,0,89,33,22,
IFVG_AGE_60,2024-05-06,60,-1.3829040011504123,-0.023048400019173538,16.266666666666666,0.0,1.0,9.0,51.30000000000002,79.44999999999997,24,36,0,0,0,0,60,22,18,
IFVG_AGE_60,2024-05-09,78,-1.0822916516009777,-0.01387553399488433,22.807692307692307,0.0,2.0,10.75,47.699999999999974,121.04999999999994,20,58,0,0,0,0,78,30,20,
IFVG_AGE_60,2024-05-15,40,0.655873820084859,0.016396845502121473,31.0,0.0,1.0,9.5,48.400000000000006,157.6999999999995,16,24,0,0,0,0,40,17,5,
IFVG_AGE_60,2024-05-22,79,-2.3059532407041843,-0.029189281527901068,13.69620253164557,0.0,1.0,8.0,37.000000000000014,67.59999999999985,26,53,0,0,0,0,79,28,21,
IFVG_AGE_60,2024-05-31,50,-1.4760492587273197,-0.029520985174546394,8.3,0.0,1.0,7.75,23.200000000000017,38.099999999999994,12,38,0,0,0,0,50,20,10,
IFVG_AGE_60,2024-06-05,58,-1.8728569207743628,-0.03229063656507522,33.0,0.0,2.0,17.75,89.20000000000002,144.34999999999994,10,48,0,0,0,0,58,20,25,
