config,day,n_trades,pnl_total,ev_per_trade,n_sniper_submitted,n_sniper_triggered,n_sniper_cancelled,n_sniper_expired,n_inv_submitted,n_inv_filled,n_soft_stops,n_inversions,error
IMMEDIATE,2024-01-23,16,1.4594353988034072,0.09121471242521295,0,0,0,0,0,0,2,5,
IMMEDIATE,2024-02-07,18,0.1399980517738489,0.007777669542991607,0,0,0,0,0,0,5,6,
IMMEDIATE,2024-02-08,29,-1.0050281205221079,-0.03465614208696924,0,0,0,0,0,0,6,6,
IMMEDIATE,2024-02-23,50,-0.245608486187545,-0.0049121697237509,0,0,0,0,0,0,21,21,
IMMEDIATE,2024-03-08,60,-1.3078387913775866,-0.021797313189626445,0,0,0,0,0,0,24,27,
IMMEDIATE,2024-03-13,49,0.8829564585897365,0.018019519563055846,0,0,0,0,0,0,18,21,
IMMEDIATE,2024-04-11,58,-1.6079515431893017,-0.027723302468781064,0,0,0,0,0,0,24,26,
IMMEDIATE,2024-05-06,57,-1.2835706678171543,-0.02251878364591499,0,0,0,0,0,0,15,15,
IMMEDIATE,2024-05-08,29,0.004702574217390083,0.0001621577316341408,0,0,0,0,0,0,9,9,
IMMEDIATE,2024-05-14,74,-2.4430724232117127,-0.033014492205563684,0,0,0,0,0,0,23,34,
IMMEDIATE,2024-05-17,82,-0.876717891479681,-0.010691681603410745,0,0,0,0,0,0,31,40,
IMMEDIATE,2024-05-24,30,0.6457342336393594,0.021524474454645316,0,0,0,0,0,0,9,11,
IMMEDIATE,2024-06-03,61,-2.257337389777149,-0.03700553097995326,0,0,0,0,0,0,21,21,
IMMEDIATE,2024-06-11,49,-1.1354271537979912,-0.02317198273057125,0,0,0,0,0,0,12,12,
IMMEDIATE,2024-06-18,45,-2.195738441556993,-0.048794187590155406,0,0,0,0,0,0,20,21,
IMMEDIATE,2024-06-24,43,-0.7548062873959983,-0.017553634590604612,0,0,0,0,0,0,7,11,
IMMEDIATE,2024-06-25,58,-1.4010012172019137,-0.024155193400032995,0,0,0,0,0,0,17,18,
IMMEDIATE,2024-06-26,52,0.08994570645139302,0.0017297251240652504,0,0,0,0,0,0,9,11,
IMMEDIATE,2024-07-01,47,-0.4587591520797408,-0.009760833022973208,0,0,0,0,0,0,7,9,
IMMEDIATE,2024-07-18,49,-1.1741462254026374,-0.023962167865359946,0,0,0,0,0,0,12,12,
IMMEDIATE,2024-07-19,87,-1.7593705767555246,-0.020222650307534763,0,0,0,0,0,0,36,42,
IMMEDIATE,2024-07-31,76,-1.6074367974172978,-0.02115048417654339,0,0,0,0,0,0,14,15,
IMMEDIATE,2024-08-13,41,-1.6639502090871854,-0.040584151441150865,0,0,0,0,0,0,6,6,
IMMEDIATE,2024-08-19,40,-0.04479842595234615,-0.0011199606488086536,0,0,0,0,0,0,12,12,
IMMEDIATE,2024-09-05,62,-2.249007870658564,-0.036274320494492966,0,0,0,0,0,0,23,24,
IMMEDIATE,2024-09-12,86,-3.9541346642264825,-0.04597831004914515,0,0,0,0,0,0,37,39,
IMMEDIATE,2024-10-21,46,-1.120125967778525,-0.024350564516924456,0,0,0,0,0,0,18,21,
IMMEDIATE,2024-10-24,42,-1.0657429037772395,-0.025374831042315225,0,0,0,0,0,0,24,24,
IMMEDIATE,2024-11-05,29,-0.3158432145252542,-0.010891145328457042,0,0,0,0,0,0,6,8,
IMMEDIATE,2024-12-06,72,-2.7105160007190534,-0.03764605556554241,0,0,0,0,0,0,19,21,
IMMEDIATE,2025-01-29,49,-3.1579381830996076,-0.06444771802244097,0,0,0,0,0,0,33,33,
IMMEDIATE,2025-02-19,37,-0.18451882061071945,-0.004986995151641066,0,0,0,0,0,0,15,15,
IMMEDIATE,2025-02-27,71,-1.5193465900588305,-0.021399247747307473,0,0,0,0,0,0,15,18,
IMMEDIATE,2025-03-24,46,-0.09628808192777187,-0.002093219172342867,0,0,0,0,0,0,11,14,
IMMEDIATE,2025-04-09,83,-6.86594858434546,-0.08272227210054772,0,0,0,0,0,0,25,27,
IMMEDIATE,2025-04-17,74,-3.8816108680393886,-0.052454200919451195,0,0,0,0,0,0,34,37,
IMMEDIATE,2025-05-01,50,-0.6919823670964435,-0.013839647341928869,0,0,0,0,0,0,23,26,
IMMEDIATE,2025-05-14,103,-3.125893326533363,-0.030348478898382165,0,0,0,0,0,0,41,47,
IMMEDIATE,2025-06-13,81,-4.39196000222834,-0.0542217284225721,0,0,0,0,0,0,40,45,
IMMEDIATE,2025-06-16,87,-3.0660829934583185,-0.03524233325814159,0,0,0,0,0,0,41,44,
IMMEDIATE,2025-06-18,52,-3.164670484708192,-0.06085904778284985,0,0,0,0,0,0,15,15,
IMMEDIATE,2025-07-07,53,0.4678427779401014,0.008827222225284932,0,0,0,0,0,0,20,24,
IMMEDIATE,2025-07-24,92,-5.2378533234809765,-0.056933188298706264,0,0,0,0,0,0,48,48,
IMMEDIATE,2025-08-07,73,-4.1107481705607825,-0.05631161877480524,0,0,0,0,0,0,27,27,
IMMEDIATE,2025-09-09,56,-2.158650265376764,-0.03854732616744221,0,0,0,0,0,0,26,29,
IMMEDIATE,2025-12-11,93,-4.261735588963044,-0.04582511385981768,0,0,0,0,0,0,40,48,
IMMEDIATE,2025-12-15,40,-0.2479217332026262,-0.006198043330065655,0,0,0,0,0,0,9,9,
IMMEDIATE,2025-12-26,72,-4.526300461194296,-0.06286528418325411,0,0,0,0,0,0,23,24,
IMMEDIATE,2025-12-31,44,-2.2061755359894355,-0.05014035309066899,0,0,0,0,0,0,2,3,
IMMEDIATE,2026-02-13,73,-5.118685940842927,-0.070118985490999,0,0,0,0,0,0,35,41,
IMMEDIATE,2026-02-26,51,-3.1675666418977926,-0.062109149841133186,0,0,0,0,0,0,14,15,
IMMEDIATE,2026-03-03,112,-17.92309274361287,-0.16002761378225777,0,0,0,0,0,0,47,48,
IMMEDIATE,2026-03-09,65,-9.356154293756239,-0.14394083528855753,0,0,0,0,0,0,36,36,
IMMEDIATE,2026-04-15,54,-2.19780127261735,-0.040700023566987965,0,0,0,0,0,0,24,24,
IMMEDIATE,2026-04-16,76,-1.165979484649142,-0.015341835324330816,0,0,0,0,0,0,20,27,
IMMEDIATE,2026-05-07,71,-6.083236455603583,-0.08567938669864202,0,0,0,0,0,0,29,32,
IMMEDIATE,2026-05-13,45,-1.7842718273944531,-0.03965048505321007,0,0,0,0,0,0,15,17,
IMMEDIATE,2026-06-25,26,-2.0005736658134388,-0.07694514099282457,0,0,0,0,0,0,12,12,
SNIPER,2024-01-23,0,0.0,0.0,8,0,3,5,0,0,0,0,
SNIPER,2024-02-07,2,2.1239999999997963,1.0619999999998981,8,2,1,5,2,2,0,2,
SNIPER,2024-02-08,1,-0.5499999999999545,-0.5499999999999545,10,1,6,3,1,1,1,1,
SNIPER,2024-02-23,2,0.14100000000030377,0.07050000000015189,21,2,10,9,2,2,1,2,
SNIPER,2024-03-08,4,-2.2100000000000364,-0.5525000000000091,23,4,11,7,4,4,4,4,
SNIPER,2024-03-13,2,1.211399999999685,0.6056999999998425,20,2,8,10,2,2,0,2,
SNIPER,2024-04-11,9,0.6668000000022403,0.07408888888913781,21,9,4,8,9,9,6,9,
SNIPER,2024-05-06,5,-0.058999999999741815,-0.011799999999948362,21,5,6,10,5,5,3,5,
SNIPER,2024-05-08,1,-0.2699999999999818,-0.2699999999999818,10,1,7,2,1,1,1,1,
SNIPER,2024-05-14,8,-0.34139999999933934,-0.04267499999991742,26,8,15,3,8,8,6,8,
SNIPER,2024-05-17,8,2.619600000000446,0.32745000000005575,30,8,16,6,8,8,4,8,
SNIPER,2024-05-24,2,-0.5,-0.25,14,2,3,9,2,2,2,2,
SNIPER,2024-06-03,7,-1.3199999999992542,-0.18857142857132203,23,7,9,7,7,7,5,7,
SNIPER,2024-06-11,3,0.03200000000015274,0.01066666666671758,17,3,9,4,3,3,2,3,
SNIPER,2024-06-18,4,-0.5669999999995525,-0.14174999999988813,15,4,7,4,4,4,2,4,
SNIPER,2024-06-24,5,1.2155999999995402,0.24311999999990802,16,5,6,5,5,5,3,5,
SNIPER,2024-06-25,3,-1.2100000000004911,-0.403333333333497,21,3,12,5,3,3,3,3,
SNIPER,2024-06-26,4,-2.269999999999527,-0.5674999999998818,20,4,12,4,4,4,4,4,
SNIPER,2024-07-01,1,0.617399999999634,0.617399999999634,17,1,7,9,1,1,0,1,
SNIPER,2024-07-18,3,0.34160000000019874,0.11386666666673291,21,3,5,11,3,3,2,3,
SNIPER,2024-07-19,9,2.0056000000004133,0.22284444444449036,31,9,11,10,9,9,5,9,
SNIPER,2024-07-31,7,-1.0680000000006658,-0.15257142857152367,28,7,13,7,7,7,5,7,
SNIPER,2024-08-13,5,1.0624000000002525,0.2124800000000505,14,5,6,3,5,5,3,5,
SNIPER,2024-08-19,3,-0.24739999999974316,-0.08246666666658105,16,3,8,4,3,3,2,3,
SNIPER,2024-09-05,5,1.071599999999762,0.2143199999999524,23,5,12,6,5,5,3,5,
SNIPER,2024-09-12,10,-1.7141999999989823,-0.17141999999989824,32,10,9,12,10,10,7,10,
SNIPER,2024-10-21,8,1.5976000000000568,0.1997000000000071,18,8,7,3,8,8,3,8,
SNIPER,2024-10-24,2,-0.04100000000016735,-0.020500000000083674,16,2,10,4,2,2,1,2,
SNIPER,2024-11-05,2,0.5835999999999332,0.2917999999999666,12,2,4,5,2,2,1,2,
SNIPER,2024-12-06,11,-2.487000000000535,-0.22609090909095772,26,11,8,6,11,11,9,11,
SNIPER,2025-01-29,4,0.0700000000010732,0.0175000000002683,18,4,10,4,4,4,3,4,
SNIPER,2025-02-19,6,1.021166666667341,0.1701944444445568,16,3,6,7,3,3,1,3,
SNIPER,2025-02-27,7,0.3802000000005138,0.05431428571435911,26,7,9,10,7,7,5,7,
SNIPER,2025-03-24,3,0.0385999999998603,0.0128666666666201,19,3,9,7,3,3,2,3,
SNIPER,2025-04-09,17,14.151800000000094,0.8324588235294172,31,17,3,10,17,17,8,17,
SNIPER,2025-04-17,15,6.947855072465548,0.4631903381643699,26,12,10,4,12,12,6,12,
SNIPER,2025-05-01,10,-3.707999999999629,-0.3707999999999629,20,10,4,6,10,10,7,10,
SNIPER,2025-05-14,15,2.041999999998552,0.1361333333332368,38,15,12,11,15,15,7,15,
SNIPER,2025-06-13,16,6.610199999999622,0.4131374999999764,30,16,8,6,16,16,6,16,
SNIPER,2025-06-16,14,-2.793999999999869,-0.1995714285714192,33,14,9,9,14,14,12,14,
SNIPER,2025-06-18,10,4.977400000000216,0.4977400000000216,20,10,5,4,10,10,5,10,
SNIPER,2025-07-07,7,0.49999999999999994,0.07142857142857142,23,7,7,8,7,7,5,7,
SNIPER,2025-07-24,13,-1.2039999999983597,-0.09261538461525844,32,13,14,5,13,13,8,13,
SNIPER,2025-08-07,12,-1.7950000000000732,-0.14958333333333942,26,12,8,5,12,12,10,12,
SNIPER,2025-09-09,8,-1.4775999999997111,-0.1846999999999639,22,8,9,5,8,8,6,8,
SNIPER,2025-12-11,18,-4.8710000000073705,-0.2706111111115206,36,18,8,8,18,18,14,18,
SNIPER,2025-12-15,4,3.081999999999425,0.7704999999998563,16,4,4,6,4,4,2,4,
SNIPER,2025-12-26,12,0.19779999999627806,0.01648333333302317,25,12,7,6,12,12,8,12,
SNIPER,2025-12-31,6,-3.050000000002001,-0.5083333333336668,18,6,3,8,6,6,5,6,
SNIPER,2026-02-13,20,1.8235999999942578,0.0911799999997129,28,20,1,6,20,20,15,20,
SNIPER,2026-02-26,11,6.673599999995531,0.6066909090905028,17,11,5,1,11,11,8,11,
SNIPER,2026-03-03,28,-12.043600000007245,-0.4301285714288302,45,28,5,12,28,28,20,28,
SNIPER,2026-03-09,15,16.297999999998865,1.0865333333332576,25,15,2,8,15,15,7,15,
SNIPER,2026-04-15,9,2.480799999998453,0.27564444444427255,23,9,3,10,9,9,5,9,
SNIPER,2026-04-16,13,4.26839999999811,0.32833846153831614,27,13,8,5,13,13,7,13,
SNIPER,2026-05-07,16,7.285799999997835,0.45536249999986467,26,16,6,2,16,16,10,16,
SNIPER,2026-05-13,7,3.2699999999995275,0.46714285714278964,16,7,3,5,7,7,4,7,
SNIPER,2026-06-25,4,3.145999999999731,0.7864999999999327,11,4,2,2,4,4,1,4,
SNIPER_300,2024-01-23,0,0.0,0.0,8,0,3,5,0,0,0,0,
SNIPER_300,2024-02-07,2,2.1239999999997963,1.0619999999998981,8,2,1,5,2,2,0,2,
SNIPER_300,2024-02-08,1,-0.5499999999999545,-0.5499999999999545,10,1,6,3,1,1,1,1,
SNIPER_300,2024-02-23,2,0.14100000000030377,0.07050000000015189,21,2,10,9,2,2,1,2,
SNIPER_300,2024-03-08,4,-2.2100000000000364,-0.5525000000000091,23,4,11,8,4,4,4,4,
SNIPER_300,2024-03-13,2,1.211399999999685,0.6056999999998425,20,2,8,10,2,2,0,2,
SNIPER_300,2024-04-11,9,0.6668000000022403,0.07408888888913781,21,9,4,8,9,9,6,9,
SNIPER_300,2024-05-06,5,-0.058999999999741815,-0.011799999999948362,21,5,6,10,5,5,3,5,
SNIPER_300,2024-05-08,1,-0.2699999999999818,-0.2699999999999818,10,1,7,2,1,1,1,1,
SNIPER_300,2024-05-14,8,-0.34139999999933934,-0.04267499999991742,26,8,15,3,8,8,6,8,
SNIPER_300,2024-05-17,8,2.619600000000446,0.32745000000005575,30,8,16,6,8,8,4,8,
SNIPER_300,2024-05-24,2,-0.5,-0.25,14,2,3,9,2,2,2,2,
SNIPER_300,2024-06-03,7,-1.3199999999992542,-0.18857142857132203,23,7,9,7,7,7,5,7,
SNIPER_300,2024-06-11,3,0.03200000000015274,0.01066666666671758,17,3,9,5,3,3,2,3,
SNIPER_300,2024-06-18,4,-0.5669999999995525,-0.14174999999988813,15,4,7,4,4,4,2,4,
SNIPER_300,2024-06-24,5,1.2155999999995402,0.24311999999990802,16,5,6,5,5,5,3,5,
SNIPER_300,2024-06-25,3,-1.2100000000004911,-0.403333333333497,21,3,12,5,3,3,3,3,
SNIPER_300,2024-06-26,4,-2.269999999999527,-0.5674999999998818,20,4,12,4,4,4,4,4,
SNIPER_300,2024-07-01,1,0.617399999999634,0.617399999999634,17,1,7,9,1,1,0,1,
SNIPER_300,2024-07-18,3,0.34160000000019874,0.11386666666673291,21,3,5,12,3,3,2,3,
SNIPER_300,2024-07-19,9,2.0056000000004133,0.22284444444449036,31,9,11,10,9,9,5,9,
SNIPER_300,2024-07-31,7,-1.0680000000006658,-0.15257142857152367,28,7,13,7,7,7,5,7,
SNIPER_300,2024-08-13,5,1.0624000000002525,0.2124800000000505,14,5,6,3,5,5,3,5,
SNIPER_300,2024-08-19,3,-0.24739999999974316,-0.08246666666658105,16,3,8,5,3,3,2,3,
SNIPER_300,2024-09-05,5,1.071599999999762,0.2143199999999524,23,5,12,6,5,5,3,5,
SNIPER_300,2024-09-12,10,-1.7141999999989823,-0.17141999999989824,32,10,9,13,10,10,7,10,
SNIPER_300,2024-10-21,8,1.5976000000000568,0.1997000000000071,18,8,7,3,8,8,3,8,
SNIPER_300,2024-10-24,2,-0.04100000000016735,-0.020500000000083674,16,2,10,4,2,2,1,2,
SNIPER_300,2024-11-05,2,0.5835999999999332,0.2917999999999666,12,2,4,6,2,2,1,2,
SNIPER_300,2024-12-06,11,-2.487000000000535,-0.22609090909095772,26,11,8,7,11,11,9,11,
SNIPER_300,2025-01-29,4,0.0700000000010732,0.0175000000002683,18,4,10,4,4,4,3,4,
SNIPER_300,2025-02-19,6,1.021166666667341,0.1701944444445568,16,3,6,7,3,3,1,3,
SNIPER_300,2025-02-27,7,0.3802000000005138,0.05431428571435911,26,7,9,10,7,7,5,7,
SNIPER_300,2025-03-24,3,0.0385999999998603,0.0128666666666201,19,3,9,7,3,3,2,3,
SNIPER_300,2025-04-09,17,14.151800000000094,0.8324588235294172,31,17,3,11,17,17,8,17,
SNIPER_300,2025-04-17,15,6.947855072465548,0.4631903381643699,26,12,10,4,12,12,6,12,
SNIPER_300,2025-05-01,10,-3.707999999999629,-0.3707999999999629,20,10,4,6,10,10,7,10,
SNIPER_300,2025-05-14,15,2.041999999998552,0.1361333333332368,38,15,12,11,15,15,7,15,
SNIPER_300,2025-06-13,16,6.610199999999622,0.4131374999999764,30,16,8,6,16,16,6,16,
SNIPER_300,2025-06-16,14,-2.793999999999869,-0.1995714285714192,33,14,9,9,14,14,12,14,
SNIPER_300,2025-06-18,10,4.977400000000216,0.4977400000000216,20,10,5,4,10,10,5,10,
SNIPER_300,2025-07-07,7,0.49999999999999994,0.07142857142857142,23,7,7,9,7,7,5,7,
SNIPER_300,2025-07-24,13,-1.2039999999983597,-0.09261538461525844,32,13,14,5,13,13,8,13,
SNIPER_300,2025-08-07,12,-1.7950000000000732,-0.14958333333333942,26,12,8,6,12,12,10,12,
SNIPER_300,2025-09-09,8,-1.4775999999997111,-0.1846999999999639,22,8,9,5,8,8,6,8,
SNIPER_300,2025-12-11,18,-4.8710000000073705,-0.2706111111115206,36,18,8,9,18,18,14,18,
SNIPER_300,2025-12-15,4,3.081999999999425,0.7704999999998563,16,4,4,7,4,4,2,4,
SNIPER_300,2025-12-26,12,0.19779999999627806,0.01648333333302317,25,12,7,6,12,12,8,12,
SNIPER_300,2025-12-31,6,-3.050000000002001,-0.5083333333336668,18,6,3,8,6,6,5,6,
SNIPER_300,2026-02-13,20,1.8235999999942578,0.0911799999997129,28,20,1,7,20,20,15,20,
SNIPER_300,2026-02-26,11,6.673599999995531,0.6066909090905028,17,11,5,1,11,11,8,11,
SNIPER_300,2026-03-03,28,-12.043600000007245,-0.4301285714288302,45,28,5,12,28,28,20,28,
SNIPER_300,2026-03-09,15,16.297999999998865,1.0865333333332576,25,15,2,8,15,15,7,15,
SNIPER_300,2026-04-15,9,2.480799999998453,0.27564444444427255,23,9,3,11,9,9,5,9,
SNIPER_300,2026-04-16,13,4.26839999999811,0.32833846153831614,27,13,8,6,13,13,7,13,
SNIPER_300,2026-05-07,16,7.285799999997835,0.45536249999986467,26,16,6,4,16,16,10,16,
SNIPER_300,2026-05-13,7,3.2699999999995275,0.46714285714278964,16,7,3,6,7,7,4,7,
SNIPER_300,2026-06-25,4,3.145999999999731,0.7864999999999327,11,4,2,5,4,4,1,4,
SNIPER_600,2024-01-23,0,0.0,0.0,8,0,3,5,0,0,0,0,
SNIPER_600,2024-02-07,2,2.1239999999997963,1.0619999999998981,8,2,1,5,2,2,0,2,
SNIPER_600,2024-02-08,1,-0.5499999999999545,-0.5499999999999545,10,1,6,3,1,1,1,1,
SNIPER_600,2024-02-23,2,0.14100000000030377,0.07050000000015189,21,2,10,9,2,2,1,2,
SNIPER_600,2024-03-08,4,-2.2100000000000364,-0.5525000000000091,23,4,11,7,4,4,4,4,
SNIPER_600,2024-03-13,2,1.211399999999685,0.6056999999998425,20,2,8,10,2,2,0,2,
SNIPER_600,2024-04-11,9,0.6668000000022403,0.07408888888913781,21,9,4,8,9,9,6,9,
SNIPER_600,2024-05-06,5,-0.058999999999741815,-0.011799999999948362,21,5,6,10,5,5,3,5,
SNIPER_600,2024-05-08,1,-0.2699999999999818,-0.2699999999999818,10,1,7,2,1,1,1,1,
SNIPER_600,2024-05-14,8,-0.34139999999933934,-0.04267499999991742,26,8,15,3,8,8,6,8,
SNIPER_600,2024-05-17,8,2.619600000000446,0.32745000000005575,30,8,16,6,8,8,4,8,
SNIPER_600,2024-05-24,2,-0.5,-0.25,14,2,3,9,2,2,2,2,
SNIPER_600,2024-06-03,7,-1.3199999999992542,-0.18857142857132203,23,7,9,7,7,7,5,7,
SNIPER_600,2024-06-11,3,0.03200000000015274,0.01066666666671758,17,3,9,5,3,3,2,3,
SNIPER_600,2024-06-18,4,-0.5669999999995525,-0.14174999999988813,15,4,7,4,4,4,2,4,
SNIPER_600,2024-06-24,5,1.2155999999995402,0.24311999999990802,16,5,6,5,5,5,3,5,
SNIPER_600,2024-06-25,3,-1.2100000000004911,-0.403333333333497,21,3,12,5,3,3,3,3,
SNIPER_600,2024-06-26,4,-2.269999999999527,-0.5674999999998818,20,4,12,4,4,4,4,4,
SNIPER_600,2024-07-01,1,0.617399999999634,0.617399999999634,17,1,7,9,1,1,0,1,
SNIPER_600,2024-07-18,3,0.34160000000019874,0.11386666666673291,21,3,5,12,3,3,2,3,
SNIPER_600,2024-07-19,9,2.0056000000004133,0.22284444444449036,31,9,11,10,9,9,5,9,
SNIPER_600,2024-07-31,7,-1.0680000000006658,-0.15257142857152367,28,7,13,7,7,7,5,7,
SNIPER_600,2024-08-13,5,1.0624000000002525,0.2124800000000505,14,5,6,3,5,5,3,5,
SNIPER_600,2024-08-19,3,-0.24739999999974316,-0.08246666666658105,16,3,8,5,3,3,2,3,
SNIPER_600,2024-09-05,5,1.071599999999762,0.2143199999999524,23,5,12,6,5,5,3,5,
SNIPER_600,2024-09-12,10,-1.7141999999989823,-0.17141999999989824,32,10,9,12,10,10,7,10,
SNIPER_600,2024-10-21,8,1.5976000000000568,0.1997000000000071,18,8,7,3,8,8,3,8,
SNIPER_600,2024-10-24,2,-0.04100000000016735,-0.020500000000083674,16,2,10,4,2,2,1,2,
SNIPER_600,2024-11-05,2,0.5835999999999332,0.2917999999999666,12,2,4,6,2,2,1,2,
SNIPER_600,2024-12-06,11,-2.487000000000535,-0.22609090909095772,26,11,8,6,11,11,9,11,
SNIPER_600,2025-01-29,4,0.0700000000010732,0.0175000000002683,18,4,10,4,4,4,3,4,
SNIPER_600,2025-02-19,6,1.021166666667341,0.1701944444445568,16,3,6,7,3,3,1,3,
SNIPER_600,2025-02-27,7,0.3802000000005138,0.05431428571435911,26,7,9,10,7,7,5,7,
SNIPER_600,2025-03-24,3,0.0385999999998603,0.0128666666666201,19,3,9,7,3,3,2,3,
SNIPER_600,2025-04-09,17,14.151800000000094,0.8324588235294172,31,17,3,10,17,17,8,17,
SNIPER_600,2025-04-17,15,6.947855072465548,0.4631903381643699,26,12,10,4,12,12,6,12,
SNIPER_600,2025-05-01,10,-3.707999999999629,-0.3707999999999629,20,10,4,6,10,10,7,10,
SNIPER_600,2025-05-14,15,2.041999999998552,0.1361333333332368,38,15,12,11,15,15,7,15,
SNIPER_600,2025-06-13,16,6.610199999999622,0.4131374999999764,30,16,8,6,16,16,6,16,
SNIPER_600,2025-06-16,14,-2.793999999999869,-0.1995714285714192,33,14,9,9,14,14,12,14,
SNIPER_600,2025-06-18,10,4.977400000000216,0.4977400000000216,20,10,5,4,10,10,5,10,
SNIPER_600,2025-07-07,7,0.49999999999999994,0.07142857142857142,23,7,7,8,7,7,5,7,
SNIPER_600,2025-07-24,13,-1.2039999999983597,-0.09261538461525844,32,13,14,5,13,13,8,13,
SNIPER_600,2025-08-07,12,-1.7950000000000732,-0.14958333333333942,26,12,8,5,12,12,10,12,
SNIPER_600,2025-09-09,8,-1.4775999999997111,-0.1846999999999639,22,8,9,5,8,8,6,8,
SNIPER_600,2025-12-11,18,-4.8710000000073705,-0.2706111111115206,36,18,8,9,18,18,14,18,
SNIPER_600,2025-12-15,4,3.081999999999425,0.7704999999998563,16,4,4,7,4,4,2,4,
SNIPER_600,2025-12-26,12,0.19779999999627806,0.01648333333302317,25,12,7,6,12,12,8,12,
SNIPER_600,2025-12-31,6,-3.050000000002001,-0.5083333333336668,18,6,3,8,6,6,5,6,
SNIPER_600,2026-02-13,20,1.8235999999942578,0.0911799999997129,28,20,1,7,20,20,15,20,
SNIPER_600,2026-02-26,11,6.673599999995531,0.6066909090905028,17,11,5,1,11,11,8,11,
SNIPER_600,2026-03-03,28,-12.043600000007245,-0.4301285714288302,45,28,5,12,28,28,20,28,
SNIPER_600,2026-03-09,15,16.297999999998865,1.0865333333332576,25,15,2,8,15,15,7,15,
SNIPER_600,2026-04-15,9,2.480799999998453,0.27564444444427255,23,9,3,10,9,9,5,9,
SNIPER_600,2026-04-16,13,4.26839999999811,0.32833846153831614,27,13,8,5,13,13,7,13,
SNIPER_600,2026-05-07,16,7.285799999997835,0.45536249999986467,26,16,6,4,16,16,10,16,
SNIPER_600,2026-05-13,7,3.2699999999995275,0.46714285714278964,16,7,3,6,7,7,4,7,
SNIPER_600,2026-06-25,4,3.145999999999731,0.7864999999999327,11,4,2,4,4,4,1,4,
SNIPER_INV,2024-01-23,0,0.0,0.0,8,0,3,5,0,0,0,0,
SNIPER_INV,2024-02-07,4,2.1539999999999964,0.5384999999999991,8,2,1,5,4,4,2,4,
SNIPER_INV,2024-02-08,2,-0.5099999999997635,-0.25499999999988177,10,1,6,3,2,2,2,2,
SNIPER_INV,2024-02-23,4,0.08800000000019283,0.022000000000048207,21,2,10,9,4,4,3,4,
SNIPER_INV,2024-03-08,8,-1.6630000000004657,-0.2078750000000582,23,4,11,7,8,8,7,8,
SNIPER_INV,2024-03-13,4,1.1743999999998778,0.29359999999996944,20,2,8,10,4,4,2,4,
SNIPER_INV,2024-04-11,18,0.588800000001811,0.03271111111121172,21,9,4,8,18,18,14,18,
SNIPER_INV,2024-05-06,10,-0.9130000000004659,-0.0913000000000466,21,5,6,10,10,10,8,10,
SNIPER_INV,2024-05-08,2,-0.3400000000001455,-0.17000000000007276,10,1,7,2,2,2,2,2,
SNIPER_INV,2024-05-14,16,-0.9243999999985135,-0.057774999999907095,26,8,15,3,16,16,13,16,
SNIPER_INV,2024-05-17,16,3.744600000000446,0.23403750000002788,30,8,16,6,16,16,10,16,
SNIPER_INV,2024-05-24,4,1.3519999999998618,0.33799999999996544,14,2,3,9,4,4,3,4,
SNIPER_INV,2024-06-03,14,-1.7099999999991269,-0.12214285714279478,23,7,9,7,14,14,12,14,
SNIPER_INV,2024-06-11,6,-0.06499999999959989,-0.01083333333326665,17,3,9,4,6,6,5,6,
SNIPER_INV,2024-06-18,8,-0.952999999999065,-0.11912499999988313,15,4,7,4,8,8,6,8,
SNIPER_INV,2024-06-24,10,1.5805999999993219,0.1580599999999322,16,5,6,5,10,10,7,10,
SNIPER_INV,2024-06-25,6,-0.45700000000033475,-0.07616666666672246,21,3,12,5,6,6,5,6,
SNIPER_INV,2024-06-26,8,-0.5639999999993961,-0.07049999999992451,20,4,12,4,8,8,7,8,
SNIPER_INV,2024-07-01,2,0.5273999999999432,0.2636999999999716,17,1,7,9,2,2,1,2,
SNIPER_INV,2024-07-18,6,0.09060000000044977,0.015100000000074961,21,3,5,11,6,6,5,6,
SNIPER_INV,2024-07-19,18,1.8687999999988278,0.1038222222221571,31,9,11,10,18,18,13,18,
SNIPER_INV,2024-07-31,14,-0.3460000000004584,-0.024714285714318458,28,7,13,7,14,14,11,14,
SNIPER_INV,2024-08-13,10,2.166400000000067,0.2166400000000067,14,5,6,3,10,10,7,10,
SNIPER_INV,2024-08-19,6,-0.41139999999950305,-0.06856666666658384,16,3,8,4,6,6,5,6,
SNIPER_INV,2024-09-05,10,1.458599999999933,0.1458599999999933,23,5,12,6,10,10,7,10,
SNIPER_INV,2024-09-12,20,-1.6061999999988077,-0.08030999999994039,32,10,9,12,20,20,17,20,
SNIPER_INV,2024-10-21,16,2.2485999999998967,0.14053749999999354,18,8,7,3,16,16,10,16,
SNIPER_INV,2024-10-24,4,0.10199999999986176,0.02549999999996544,16,2,10,4,4,4,3,4,
SNIPER_INV,2024-11-05,4,1.216399999999794,0.3040999999999485,12,2,4,5,4,4,2,4,
SNIPER_INV,2024-12-06,22,-2.469000000000051,-0.11222727272727505,26,11,8,6,22,22,18,22,
SNIPER_INV,2025-01-29,8,-0.24999999999909053,-0.031249999999886317,18,4,10,4,8,8,7,8,
SNIPER_INV,2025-02-19,9,1.251166666667359,0.13901851851859545,16,3,6,7,6,6,4,6,
SNIPER_INV,2025-02-27,14,0.20320000000083396,0.014514285714345283,26,7,9,10,14,14,12,14,
SNIPER_INV,2025-03-24,6,0.6476000000002387,0.10793333333337311,19,3,9,7,6,6,4,6,
SNIPER_INV,2025-04-09,34,20.47980000000007,0.6023470588235315,31,17,3,10,34,34,21,34,
SNIPER_INV,2025-04-17,27,8.75185507246609,0.3241427804617071,26,12,10,4,24,24,16,24,
SNIPER_INV,2025-05-01,20,-3.233999999999469,-0.16169999999997345,20,10,4,6,20,20,16,20,
SNIPER_INV,2025-05-14,30,3.669999999999618,0.1223333333333206,38,15,12,11,30,30,21,30,
SNIPER_INV,2025-06-13,32,9.877799999998842,0.3086812499999638,30,16,8,6,32,32,20,32,
SNIPER_INV,2025-06-16,28,-5.055000000000291,-0.18053571428572468,33,14,9,9,28,28,25,28,
SNIPER_INV,2025-06-18,20,4.380400000000009,0.21902000000000044,20,10,5,4,20,20,15,20,
SNIPER_INV,2025-07-07,14,0.3640000000004874,0.02600000000003481,23,7,7,8,14,14,12,14,
SNIPER_INV,2025-07-24,26,-1.8609999999980578,-0.07157692307684838,32,13,14,5,26,26,21,26,
SNIPER_INV,2025-08-07,24,-1.8949999999995275,-0.07895833333331365,26,12,8,5,24,24,22,24,
SNIPER_INV,2025-09-09,16,-2.5995999999991,-0.16247499999994375,22,8,9,5,16,16,14,16,
SNIPER_INV,2025-12-11,36,-4.275400000014088,-0.11876111111150243,36,18,8,8,36,36,30,36,
SNIPER_INV,2025-12-15,8,2.2619999999969878,0.28274999999962347,16,4,4,6,8,8,6,8,
SNIPER_INV,2025-12-26,24,4.349199999989652,0.18121666666623548,25,12,7,6,24,24,17,24,
SNIPER_INV,2025-12-31,12,-0.14200000000346336,-0.011833333333621946,18,6,3,8,12,12,10,12,
SNIPER_INV,2026-02-13,40,5.6943999999894,0.142359999999735,28,20,1,6,40,40,32,40,
SNIPER_INV,2026-02-26,22,7.8135999999922205,0.35516363636328274,17,11,5,1,22,22,18,22,
SNIPER_INV,2026-03-03,56,-17.745600000016566,-0.3168857142860101,45,28,5,12,56,56,47,56,
SNIPER_INV,2026-03-09,30,19.244999999991705,0.6414999999997235,25,15,2,8,30,30,22,30,
SNIPER_INV,2026-04-15,18,3.9877999999962412,0.22154444444423563,23,9,3,10,18,18,14,18,
SNIPER_INV,2026-04-16,26,7.930799999995543,0.3050307692305978,27,13,8,5,26,26,16,26,
SNIPER_INV,2026-05-07,32,13.732799999990675,0.4291499999997086,26,16,6,2,32,32,24,32,
SNIPER_INV,2026-05-13,14,5.939999999995962,0.42428571428542583,16,7,3,5,14,14,10,14,
SNIPER_INV,2026-06-25,8,4.096000000000004,0.5120000000000005,11,4,2,2,8,8,5,8,
